sample_id,machine_id,fault_mode,severity,rpm,load_percent,split,provenance,sample_rate_hz,signal_length,duration_seconds,last_timestamp_seconds,relative_csv_path,csv_sha256
FGOE-00-0000,SIM-RM-00,normal,0.0,2123.956048555963,65.72149078264366,train,ForgeGuard physics-informed generator,12000.0,2048,0.170666667,0.170583333,train/normal/FGOE-00-0000__normal.csv,70919142079bd26c8c72df64de102789f5626e77b918432870e88d4b095e7396
FGOE-00-0001,SIM-RM-01,normal,0.0,2208.5979199113826,83.81576203415548,train,ForgeGuard physics-informed generator,12000.0,2048,0.170666667,0.170583333,train/normal/FGOE-00-0001__normal.csv,b28bf0433ed94de59ba0928468aaf6a9c6e06e0cbd75777a548d1182bf7a1be9
FGOE-00-0002,SIM-RM-02,normal,0.0,1444.1773478876496,103.29356461457292,train,ForgeGuard physics-informed generator,12000.0,2048,0.170666667,0.170583333,train/normal/FGOE-00-0002__normal.csv,90b0b4f650fa2a9e2e32d3fde63b328c7d27a0820b8f8c5e11e41ceb3d0bfd97
FGOE-00-0003,SIM-RM-03,normal,0.0,2111.139701990353,90.02450136938677,train,ForgeGuard physics-informed generator,12000.0,2048,0.170666667,0.170583333,train/normal/FGOE-00-0003__normal.csv,ee7ae11c0ef9bada9334e08fc78b4612e1444f0003982aa38cd725577d1b8a16
FGOE-00-0004,SIM-RM-04,normal,0.0,1478.113632675546,66.5270156526897,train,ForgeGuard physics-informed generator,12000.0,2048,0.170666667,0.170583333,train/normal/FGOE-00-0004__normal.csv,683ef193db53cfdd65559b6cbe90bd82a915523bc5af34fe5ee5f6f1d2693948
FGOE-00-0005,SIM-RM-05,normal,0.0,1720.7980242325812,99.87354921940212,train,ForgeGuard physics-informed generator,12000.0,2048,0.170666667,0.170583333,train/normal/FGOE-00-0005__normal.csv,96cdf853da74e2bf59f4bc31e0c08d44bf75ad10ce06d1a826ffc98648a8f969
FGOE-00-0006,SIM-RM-06,normal,0.0,1993.8651200806644,92.5933129289581,train,ForgeGuard physics-informed generator,12000.0,2048,0.170666667,0.170583333,train/normal/FGOE-00-0006__normal.csv,bc4c1bd019278c680f26d0f1fc66a5cfce90cdeaf8379adb1cf7325d1441c41b
FGOE-00-0007,SIM-RM-07,normal,0.0,1793.4141988273311,50.90671052493438,train,ForgeGuard physics-informed generator,12000.0,2048,0.170666667,0.170583333,train/normal/FGOE-00-0007__normal.csv,4042122630669213779b77bfe6b414b1e8e9ef9b1c1982a87c4be5e018a7adc9
FGOE-00-0008,SIM-RM-08,normal,0.0,1904.5847870158348,39.46720792729227,train,ForgeGuard physics-informed generator,12000.0,2048,0.170666667,0.170583333,train/normal/FGOE-00-0008__normal.csv,4e268c84ce6f1c91d146f91752d130fa3d13c28be9e50b2ec9c25244f3824e1f
FGOE-00-0009,SIM-RM-09,normal,0.0,2177.631171992582,79.21650793854454,validation,ForgeGuard physics-informed generator,12000.0,2048,0.170666667,0.170583333,validation/normal/FGOE-00-0009__normal.csv,fa4156de2d41aa9aa20661eb7b3f4b5b70de7fa3d805863ed516e4d646b3c2a6
FGOE-00-0010,SIM-RM-10,normal,0.0,2108.0877400853738,59.81681776909079,validation,ForgeGuard physics-informed generator,12000.0,2048,0.170666667,0.170583333,validation/normal/FGOE-00-0010__normal.csv,02b51db4d339d950945ef7ea9a02d659803fb67d9880177fe8fa9fdb3aca7f9e
FGOE-00-0011,SIM-RM-11,normal,0.0,2320.6980243949033,97.51847849255384,test,ForgeGuard physics-informed generator,12000.0,2048,0.170666667,0.170583333,test/normal/FGOE-00-0011__normal.csv,55505ae0d2677d9fdc99b27bebc140619a8da9ff8a405665814fde63d48568d2
FGOE-00-0012,SIM-RM-12,normal,0.0,2128.3834970737616,48.62470954963773,test,ForgeGuard physics-informed generator,12000.0,2048,0.170666667,0.170583333,test/normal/FGOE-00-0012__normal.csv,96ca97563efb8af4131090b86370be8cc69e0b851ddcc6da8cce0c38066d5b39
FGOE-00-0013,SIM-RM-13,normal,0.0,1816.7210037270343,38.066263605106016,test,ForgeGuard physics-informed generator,12000.0,2048,0.170666667,0.170583333,test/normal/FGOE-00-0013__normal.csv,89ae91a1b9a6dca54c667aef913aca1677e57628ab6879809758fe6834b4c799
FGOE-00-0014,SIM-RM-00,normal,0.0,1504.2894920675478,82.81342672697183,train,ForgeGuard physics-informed generator,12000.0,2048,0.170666667,0.170583333,train/normal/FGOE-00-0014__normal.csv,65e55a09563d140c5e5e8f3327bdefaf115ff98edf41453c491eb521f4885fb3
FGOE-00-0015,SIM-RM-01,normal,0.0,2094.762155907817,102.7256812703947,train,ForgeGuard physics-informed generator,12000.0,2048,0.170666667,0.170583333,train/normal/FGOE-00-0015__normal.csv,e857bebba852e533b5f352777201ddc3000ab84d0cac92e186f5a536fa219a98
FGOE-00-0016,SIM-RM-02,normal,0.0,1675.8253581381518,60.932179422440825,train,ForgeGuard physics-informed generator,12000.0,2048,0.170666667,0.170583333,train/normal/FGOE-00-0016__normal.csv,700ef3f6fef9b534b00197ffc9f2a70bc0f673cfe6fc8ade7c34a6c18dcfec2b
FGOE-00-0017,SIM-RM-03,normal,0.0,1819.5558112758079,48.2629951359,train,ForgeGuard physics-informed generator,12000.0,2048,0.170666667,0.170583333,train/normal/FGOE-00-0017__normal.csv,eb94b55120ee913829e8bd00d4df4915553e9d3be6e6ab1fb8d7c06812863337
FGOE-00-0018,SIM-RM-04,normal,0.0,1479.9215053354717,68.29934483581536,train,ForgeGuard physics-informed generator,12000.0,2048,0.170666667,0.170583333,train/normal/FGOE-00-0018__normal.csv,6fc8b926d6b0541ed94cfd0bd0f6ec5ad5057104306d2330997d66e427e037b3
FGOE-00-0019,SIM-RM-05,normal,0.0,1576.9093490508842,81.88697962777573,train,ForgeGuard physics-informed generator,12000.0,2048,0.170666667,0.170583333,train/normal/FGOE-00-0019__normal.csv,16cf03f94696ec2691516fb383fecfc562ffdd96f3efd71edef9430caa867c5c
FGOE-00-0020,SIM-RM-06,normal,0.0,1787.1519188723307,93.28747372404862,train,ForgeGuard physics-informed generator,12000.0,2048,0.170666667,0.170583333,train/normal/FGOE-00-0020__normal.csv,cc899679c8921328bccecdfee6fcc1fe578076967a3eafb62108e4a2154cc39b
FGOE-00-0021,SIM-RM-07,normal,0.0,2050.265102002249,56.86566489674287,train,ForgeGuard physics-informed generator,12000.0,2048,0.170666667,0.170583333,train/normal/FGOE-00-0021__normal.csv,6fd275e60697cc3818c35cab665b4a15705520671aa98fea6b33df512fe193df
FGOE-00-0022,SIM-RM-08,normal,0.0,2182.259801395201,91.33350502477613,train,ForgeGuard physics-informed generator,12000.0,2048,0.170666667,0.170583333,train/normal/FGOE-00-0022__normal.csv,b91eb7ee70b584aa114af9c1a6a5633b7e44cfb11a9aaf296625baf591c4cb74
FGOE-00-0023,SIM-RM-09,normal,0.0,1737.4783790301744,55.182967275117086,validation,ForgeGuard physics-informed generator,12000.0,2048,0.170666667,0.170583333,validation/normal/FGOE-00-0023__normal.csv,6a2cfd01e7dd569edcf85fd2a97800c36897a44e9a28f604f97899180911a92c
FGOE-00-0024,SIM-RM-10,normal,0.0,2032.4955039749755,44.78267385265168,validation,ForgeGuard physics-informed generator,12000.0,2048,0.170666667,0.170583333,validation/normal/FGOE-00-0024__normal.csv,b08ede767f3841c3539cedfaa5fe4b8d652a8b2341f1a9f65f73fb949b13b1b5
FGOE-00-0025,SIM-RM-11,normal,0.0,1549.9082024751083,35.51535888257039,test,ForgeGuard physics-informed generator,12000.0,2048,0.170666667,0.170583333,test/normal/FGOE-00-0025__normal.csv,55d0a2032345081bf6ea8acc89139b2fe0cea77b8d99ed6e88999747edc29d7b
FGOE-00-0026,SIM-RM-12,normal,0.0,2136.9243775021387,81.53955996144225,test,ForgeGuard physics-informed generator,12000.0,2048,0.170666667,0.170583333,test/normal/FGOE-00-0026__normal.csv,64a8cbe0cbecb2178688be17c3e2814ceb5917a5ebaa26fa12c93db96fe58843
FGOE-00-0027,SIM-RM-13,normal,0.0,2055.165378626335,89.65103217153775,test,ForgeGuard physics-informed generator,12000.0,2048,0.170666667,0.170583333,test/normal/FGOE-00-0027__normal.csv,d4111b89b7472d927c9c0e187498232dea46538bfaef0b5da887e30df6217639
FGOE-00-0028,SIM-RM-00,normal,0.0,1808.9157755383399,74.81188371670257,train,ForgeGuard physics-informed generator,12000.0,2048,0.170666667,0.170583333,train/normal/FGOE-00-0028__normal.csv,8ad43b923fdd0408b7abdaa7d60a074f6b0b09c244bbff87886b5285b145612f
FGOE-00-0029,SIM-RM-01,normal,0.0,1489.7969981276574,43.01710514751814,train,ForgeGuard physics-informed generator,12000.0,2048,0.170666667,0.170583333,train/normal/FGOE-00-0029__normal.csv,f68e7360ed8039d61a385682a149d5b646f1ee357b89b72ece0dc76bc019f9e6
FGOE-00-0030,SIM-RM-02,normal,0.0,2018.4029617904716,67.97673443001928,train,ForgeGuard physics-informed generator,12000.0,2048,0.170666667,0.170583333,train/normal/FGOE-00-0030__normal.csv,7f6bd7faf617a5574c49fd7e3fd5be7a6cf613c8b7e1b65194cd3f1a28a9c498
FGOE-00-0031,SIM-RM-03,normal,0.0,1915.236106481189,88.5499200191218,train,ForgeGuard physics-informed generator,12000.0,2048,0.170666667,0.170583333,train/normal/FGOE-00-0031__normal.csv,1812bb65dd0f39799b46feacf54f7e6f64ef231d4685c977fa379db5bbcb5f79
FGOE-00-0032,SIM-RM-04,normal,0.0,1984.7183200005907,73.75055804605971,train,ForgeGuard physics-informed generator,12000.0,2048,0.170666667,0.170583333,train/normal/FGOE-00-0032__normal.csv,81042a1121f72f813dc9abc99f8cd04a48804500ce114148aa03cf693fc2c508
FGOE-00-0033,SIM-RM-05,normal,0.0,1909.2071607454136,56.27650686438285,train,ForgeGuard physics-informed generator,12000.0,2048,0.170666667,0.170583333,train/normal/FGOE-00-0033__normal.csv,215b68cd95137bcd00175163ba064477cb9f2549c65d1120c550b1b67dc7d59a
FGOE-00-0034,SIM-RM-06,normal,0.0,1380.8178345679394,65.57021724626537,train,ForgeGuard physics-informed generator,12000.0,2048,0.170666667,0.170583333,train/normal/FGOE-00-0034__normal.csv,c96088342fef0fc2ff0e7b5bfe582132d2307f336cb4f445300cd7995caecd8b
FGOE-00-0035,SIM-RM-07,normal,0.0,1564.5846728195293,63.59700506072453,train,ForgeGuard physics-informed generator,12000.0,2048,0.170666667,0.170583333,train/normal/FGOE-00-0035__normal.csv,b778836a0e68a9a87a6b154e7fc026c7d401c278464b7718650b99bbd6ded7ac
FGOE-00-0036,SIM-RM-08,normal,0.0,2203.4030732681663,51.37576401057385,train,ForgeGuard physics-informed generator,12000.0,2048,0.170666667,0.170583333,train/normal/FGOE-00-0036__normal.csv,d2c0f9e81b2b87a9571bbf2687b6c06db6a7afef5bfe8d0bf1124336c3d122ca
FGOE-00-0037,SIM-RM-09,normal,0.0,1408.3027416890661,54.69687244153975,validation,ForgeGuard physics-informed generator,12000.0,2048,0.170666667,0.170583333,validation/normal/FGOE-00-0037__normal.csv,1850f1fd232a07d2f0211f285ec5035e2ab369aefeea51fdd37de391859770c3
FGOE-00-0038,SIM-RM-10,normal,0.0,1643.5937577666837,81.33415603088265,validation,ForgeGuard physics-informed generator,12000.0,2048,0.170666667,0.170583333,validation/normal/FGOE-00-0038__normal.csv,691c44f6f21194336a21d47ef2913dc13a5b4285b0bdef15d59ede6635b10502
FGOE-00-0039,SIM-RM-11,normal,0.0,1907.0321523412783,89.87287463744894,test,ForgeGuard physics-informed generator,12000.0,2048,0.170666667,0.170583333,test/normal/FGOE-00-0039__normal.csv,1edbe05d95be915727e3c667c1d5bd9086ab603b8aee094819e5295757a52dba
FGOE-00-0040,SIM-RM-12,normal,0.0,2014.3135403273875,63.44708030080494,test,ForgeGuard physics-informed generator,12000.0,2048,0.170666667,0.170583333,test/normal/FGOE-00-0040__normal.csv,aec01eb88210d474886b752a18d74ada7e26c7e97d0ea3f5f67b63f1ce25628d
FGOE-00-0041,SIM-RM-13,normal,0.0,2164.0203846660347,46.68810439353928,test,ForgeGuard physics-informed generator,12000.0,2048,0.170666667,0.170583333,test/normal/FGOE-00-0041__normal.csv,ffa5e6ca924e91ff26655f6cae9e0274ca1a3794d07128511cebc5914c52f9e2
FGOE-00-0042,SIM-RM-00,normal,0.0,1372.7120731338605,41.30335025429493,train,ForgeGuard physics-informed generator,12000.0,2048,0.170666667,0.170583333,train/normal/FGOE-00-0042__normal.csv,a069ed609a767bb9a82737634c1eb75ad2a0ffac68e39d5b7dcee58bd688d5a7
FGOE-00-0043,SIM-RM-01,normal,0.0,2072.3593505964504,67.33140611759711,train,ForgeGuard physics-informed generator,12000.0,2048,0.170666667,0.170583333,train/normal/FGOE-00-0043__normal.csv,70eaf63a6cee755affbb165e5cb1b3dabddc1a1e55ea8a9adbcedd2b5bb758b1
FGOE-00-0044,SIM-RM-02,normal,0.0,1511.271779033602,70.07313425723544,train,ForgeGuard physics-informed generator,12000.0,2048,0.170666667,0.170583333,train/normal/FGOE-00-0044__normal.csv,5ac0210387ea2f6b7d4ffeb398377228b3d61fe14cee85c78476166870538365
FGOE-00-0045,SIM-RM-03,normal,0.0,1502.3121027131683,83.74242625544153,train,ForgeGuard physics-informed generator,12000.0,2048,0.170666667,0.170583333,train/normal/FGOE-00-0045__normal.csv,966c4ae2aa0f10308da2688db122f10e81b4f9cbf08f2a493f0f888aba3d8ebb
FGOE-00-0046,SIM-RM-04,normal,0.0,1796.1562755740306,61.67148582675377,train,ForgeGuard physics-informed generator,12000.0,2048,0.170666667,0.170583333,train/normal/FGOE-00-0046__normal.csv,97d69ffd0ccae0a0ad9cc31c6669fa383cf88baa6390e6fcb1ec9acf675c7c89
FGOE-00-0047,SIM-RM-05,normal,0.0,1651.5120891478764,79.11978151832218,train,ForgeGuard physics-informed generator,12000.0,2048,0.170666667,0.170583333,train/normal/FGOE-00-0047__normal.csv,a01a7009019a1cb0bb684a351b040b4bcbe5e25d0480a18e3f366a0d420cf729
FGOE-00-0048,SIM-RM-06,normal,0.0,1711.8126105533904,41.13549435212707,train,ForgeGuard physics-informed generator,12000.0,2048,0.170666667,0.170583333,train/normal/FGOE-00-0048__normal.csv,f66e4884b204e7970d73fbfd24c0ccd14b5ff04809b32c165d509415ec437197
FGOE-00-0049,SIM-RM-07,normal,0.0,1468.0059021205152,102.33283651846602,train,ForgeGuard physics-informed generator,12000.0,2048,0.170666667,0.170583333,train/normal/FGOE-00-0049__normal.csv,828cf822452f616f27a0a79370402550399b5e474199c478ec3f36505542b176
FGOE-00-0050,SIM-RM-08,normal,0.0,2258.580690707607,83.97949936675246,train,ForgeGuard physics-informed generator,12000.0,2048,0.170666667,0.170583333,train/normal/FGOE-00-0050__normal.csv,31ba787f52fd9df52ef3c44327586e43ff1a719f9c7563aa6ad8d40932f01ab8
FGOE-00-0051,SIM-RM-09,normal,0.0,1615.8699614595196,102.84234641434067,validation,ForgeGuard physics-informed generator,12000.0,2048,0.170666667,0.170583333,validation/normal/FGOE-00-0051__normal.csv,41018e9b63a1656ae5633ab32aab9246f03910832a8aae87010081f225261f62
FGOE-00-0052,SIM-RM-10,normal,0.0,2128.7509039657944,85.18231324112969,validation,ForgeGuard physics-informed generator,12000.0,2048,0.170666667,0.170583333,validation/normal/FGOE-00-0052__normal.csv,2bae68e0ebf1b4a22f0cb97074e649fa55daca330688a84126ffb2c8ac85ff65
FGOE-00-0053,SIM-RM-11,normal,0.0,1799.3615021437886,54.05690932916113,test,ForgeGuard physics-informed generator,12000.0,2048,0.170666667,0.170583333,test/normal/FGOE-00-0053__normal.csv,495f8ab1c3c65fbb07161ed411c3da2ad8124b8be3dfb40fedf4da8249e95004
FGOE-00-0054,SIM-RM-12,normal,0.0,1446.3909621534992,98.18216775806891,test,ForgeGuard physics-informed generator,12000.0,2048,0.170666667,0.170583333,test/normal/FGOE-00-0054__normal.csv,d9cc4fc5f7cef165e0fd1675fb4d9d4c3c5eda7ad538dc212ffd8a70b02e6606
FGOE-00-0055,SIM-RM-13,normal,0.0,1805.7762898336111,49.16543553566612,test,ForgeGuard physics-informed generator,12000.0,2048,0.170666667,0.170583333,test/normal/FGOE-00-0055__normal.csv,c7b9aab976221f84eff8fd439f0be2a94e89b2ee9a6194ae48182f76340655bc
FGOE-01-0000,SIM-RM-00,imbalance,0.37374094805746216,1655.9566241506525,75.54536982593271,train,ForgeGuard physics-informed generator,12000.0,2048,0.170666667,0.170583333,train/imbalance/FGOE-01-0000__imbalance.csv,1db46fc60837c3b3db6853ffdb99d2da3a84550062b7aeef4ff551b80a53469d
FGOE-01-0001,SIM-RM-01,imbalance,0.7536240691656557,2206.614284092376,88.0963670884647,train,ForgeGuard physics-informed generator,12000.0,2048,0.170666667,0.170583333,train/imbalance/FGOE-01-0001__imbalance.csv,98b6962e6e7aeea3f930948d9fc2b89f6edbd4fc1b97b79da94b187396b30a5f
FGOE-01-0002,SIM-RM-02,imbalance,0.6588685782389149,1782.0930397751038,78.91161884917102,train,ForgeGuard physics-informed generator,12000.0,2048,0.170666667,0.170583333,train/imbalance/FGOE-01-0002__imbalance.csv,78599ce6815c311a1e8000b2f1ddd57d068e6626d2437586e5c9f9e04b2796eb
FGOE-01-0003,SIM-RM-03,imbalance,0.5410651815194267,1999.8466015548202,40.911102479792234,train,ForgeGuard physics-informed generator,12000.0,2048,0.170666667,0.170583333,train/imbalance/FGOE-01-0003__imbalance.csv,063db09fb027755ed932fcd1bc9d1501ed3098d77e2fdcd84f01266555777ff8
FGOE-01-0004,SIM-RM-04,imbalance,0.48090284863294974,1391.6141738618926,69.57935734711633,train,ForgeGuard physics-informed generator,12000.0,2048,0.170666667,0.170583333,train/imbalance/FGOE-01-0004__imbalance.csv,e2b0ef3c4008b896f467a9b18b938a017513ae0650bb0d8c47de02198fed71a6
FGOE-01-0005,SIM-RM-05,imbalance,0.6613512005243984,1494.5241888660469,42.238207740578616,train,ForgeGuard physics-informed generator,12000.0,2048,0.170666667,0.170583333,train/imbalance/FGOE-01-0005__imbalance.csv,2c0f693eced8d5762ebbaa328fabaf7f5ae745cb7a986dfe7d28d24a02aae5b8
FGOE-01-0006,SIM-RM-06,imbalance,0.6567427977902764,1520.592968536886,99.7584082863758,train,ForgeGuard physics-informed generator,12000.0,2048,0.170666667,0.170583333,train/imbalance/FGOE-01-0006__imbalance.csv,89da2ef4412f152360ba52d1adaf60e6ced334659f83e7af39ea60229965a3d6
FGOE-01-0007,SIM-RM-07,imbalance,0.2659627097207882,1696.869804534837,76.36408440369917,train,ForgeGuard physics-informed generator,12000.0,2048,0.170666667,0.170583333,train/imbalance/FGOE-01-0007__imbalance.csv,69f70a32996ce5d9a4ef6c4d85c17f0cc5a8ebb030f93b3294d421413cd78d1e
FGOE-01-0008,SIM-RM-08,imbalance,0.7979146590752003,2308.5592132414454,68.76124058600303,train,ForgeGuard physics-informed generator,12000.0,2048,0.170666667,0.170583333,train/imbalance/FGOE-01-0008__imbalance.csv,a32d3e9f1ea2b46804bf6f69ac0554418932756356360efb21a9ae51324e7378
FGOE-01-0009,SIM-RM-09,imbalance,0.5934948960481646,1432.7299999224385,69.06608315867123,validation,ForgeGuard physics-informed generator,12000.0,2048,0.170666667,0.170583333,validation/imbalance/FGOE-01-0009__imbalance.csv,e6fe77ca40843016890fe768af2682fdefc8ea03a20daf9b2b083ca6cdedd828
FGOE-01-0010,SIM-RM-10,imbalance,0.5814425807398677,2287.826454974983,75.02096366632529,validation,ForgeGuard physics-informed generator,12000.0,2048,0.170666667,0.170583333,validation/imbalance/FGOE-01-0010__imbalance.csv,25a6f6105514b434570c210b4423cc0873c78687faa58949724c2527f42b1bd5
FGOE-01-0011,SIM-RM-11,imbalance,0.6144706817300765,1616.9756630918937,58.20982981397866,test,ForgeGuard physics-informed generator,12000.0,2048,0.170666667,0.170583333,test/imbalance/FGOE-01-0011__imbalance.csv,4ba449c19286874d3b19bd58d0d7c36105cdd0133e806c5090423237a09af849
FGOE-01-0012,SIM-RM-12,imbalance,0.8284043469360505,1788.9114603050466,36.51284559162313,test,ForgeGuard physics-informed generator,12000.0,2048,0.170666667,0.170583333,test/imbalance/FGOE-01-0012__imbalance.csv,97e2faa96a55cc5fc2daa18755b4a9b558d0437e749d073b96a680cbd55bd0b8
FGOE-01-0013,SIM-RM-13,imbalance,0.6378253004773345,2246.1607718397668,44.817436229902754,test,ForgeGuard physics-informed generator,12000.0,2048,0.170666667,0.170583333,test/imbalance/FGOE-01-0013__imbalance.csv,b6427c56b72178c8f1268791d57e53533eb259e59ad345ff83baf9dd33d2ce53
FGOE-01-0014,SIM-RM-00,imbalance,0.4468636486873058,1458.5757411354436,82.05680651278682,train,ForgeGuard physics-informed generator,12000.0,2048,0.170666667,0.170583333,train/imbalance/FGOE-01-0014__imbalance.csv,70555936048340d2c1569e4e3fa273316f5aa6a35f6b08b5680d8038bf830383
FGOE-01-0015,SIM-RM-01,imbalance,0.7880532443423599,2009.4226346919017,85.88962300008178,train,ForgeGuard physics-informed generator,12000.0,2048,0.170666667,0.170583333,train/imbalance/FGOE-01-0015__imbalance.csv,6b4c609f14e83af005f8856f3e6ec9b9ecaf6af4521322e3c9c597416f7b18d3
FGOE-01-0016,SIM-RM-02,imbalance,0.41114979362641657,1457.7409459558967,99.12082915963255,train,ForgeGuard physics-informed generator,12000.0,2048,0.170666667,0.170583333,train/imbalance/FGOE-01-0016__imbalance.csv,07ca7d2b2028209b1ac1fc30e3c88473a51e935e846d39ce14199c2f1f198e0b
FGOE-01-0017,SIM-RM-03,imbalance,0.5096455987037072,1387.4125561761798,73.83967285740383,train,ForgeGuard physics-informed generator,12000.0,2048,0.170666667,0.170583333,train/imbalance/FGOE-01-0017__imbalance.csv,092058bea61ae4652bcb405a043119c6578c0fcb449f1ccb1a79b2b3f2a1b4b9
FGOE-01-0018,SIM-RM-04,imbalance,0.4719972249759007,2179.789743132413,91.57760304450113,train,ForgeGuard physics-informed generator,12000.0,2048,0.170666667,0.170583333,train/imbalance/FGOE-01-0018__imbalance.csv,e60d1f6ab738023f8eb8d35f674173f80a309511f9cb81d58d8489e51297c301
FGOE-01-0019,SIM-RM-05,imbalance,0.6105399904622002,2302.899395069745,55.364248669808305,train,ForgeGuard physics-informed generator,12000.0,2048,0.170666667,0.170583333,train/imbalance/FGOE-01-0019__imbalance.csv,461b9ff8b67cdeaaf78c7dd29349cc21f03d1ba9fee0229a0a48c5ea7fbae690
FGOE-01-0020,SIM-RM-06,imbalance,0.3652254723074127,1605.9650905676028,100.52304990342743,train,ForgeGuard physics-informed generator,12000.0,2048,0.170666667,0.170583333,train/imbalance/FGOE-01-0020__imbalance.csv,86ed1733e5dc9ca40a8e401727172d246336c1a171ebd53fc7731c5f8840519e
FGOE-01-0021,SIM-RM-07,imbalance,0.9446628948390859,1394.910619392329,65.45679420021266,train,ForgeGuard physics-informed generator,12000.0,2048,0.170666667,0.170583333,train/imbalance/FGOE-01-0021__imbalance.csv,4445dc942e3f3319501b9e3796dad6829645d8a04c72f80dd195a7dc26e212bb
FGOE-01-0022,SIM-RM-08,imbalance,0.8735547436149673,2241.677266254914,87.40256136198644,train,ForgeGuard physics-informed generator,12000.0,2048,0.170666667,0.170583333,train/imbalance/FGOE-01-0022__imbalance.csv,551364379b75699659909a18ce01ea74c741090b160e86636fb4e4885fa919ef
FGOE-01-0023,SIM-RM-09,imbalance,0.4711503362815551,2243.4466396978632,71.32008522705144,validation,ForgeGuard physics-informed generator,12000.0,2048,0.170666667,0.170583333,validation/imbalance/FGOE-01-0023__imbalance.csv,e796ec40195e93b99517e27d3361d31ad455ce631f27ef1de70a85292376f838
FGOE-01-0024,SIM-RM-10,imbalance,0.511560410211597,2122.012432110988,81.31628842174328,validation,ForgeGuard physics-informed generator,12000.0,2048,0.170666667,0.170583333,validation/imbalance/FGOE-01-0024__imbalance.csv,0ef77f47b481fe6b2e49e90b58b79ed050e29f2ba580547c6479bfdb6ea19771
FGOE-01-0025,SIM-RM-11,imbalance,0.43372236114600526,1444.4666680615153,87.27527279443183,test,ForgeGuard physics-informed generator,12000.0,2048,0.170666667,0.170583333,test/imbalance/FGOE-01-0025__imbalance.csv,dcb4916790acbd2b24cb1ed901d6012394beeb88f97ce53f89c84633e9730d07
FGOE-01-0026,SIM-RM-12,imbalance,0.33593055268804023,2286.813150533779,51.867940250397936,test,ForgeGuard physics-informed generator,12000.0,2048,0.170666667,0.170583333,test/imbalance/FGOE-01-0026__imbalance.csv,480bfc08d6a7c89ad3893943adba608105ede4b85229dd35caff4580600ae42e
FGOE-01-0027,SIM-RM-13,imbalance,0.37548781571041734,2181.112672124906,45.729902163714584,test,ForgeGuard physics-informed generator,12000.0,2048,0.170666667,0.170583333,test/imbalance/FGOE-01-0027__imbalance.csv,3298d150759e5bc82d6636dc021c6abed12ff8d09f6133acf56cb585c3d1cc53
FGOE-01-0028,SIM-RM-00,imbalance,0.38750426600020127,1949.3827915208435,96.21934285862251,train,ForgeGuard physics-informed generator,12000.0,2048,0.170666667,0.170583333,train/imbalance/FGOE-01-0028__imbalance.csv,1d5b542aba6683923116b47ac3d1375b07ea9580c0ff31e485d2cdd7877ef947
FGOE-01-0029,SIM-RM-01,imbalance,0.9302784982426772,1660.3236729000948,89.41833867688243,train,ForgeGuard physics-informed generator,12000.0,2048,0.170666667,0.170583333,train/imbalance/FGOE-01-0029__imbalance.csv,1aca7641fad520a456864e4cf7ff50eab53708438e48923beabecf2462593997
FGOE-01-0030,SIM-RM-02,imbalance,0.2597554013957411,1850.7411862023423,45.07282517858755,train,ForgeGuard physics-informed generator,12000.0,2048,0.170666667,0.170583333,train/imbalance/FGOE-01-0030__imbalance.csv,c3b88c63a1367119ff2e255429a0560904d351695b23ba0870e9a02a70075b75
FGOE-01-0031,SIM-RM-03,imbalance,0.7243610715290002,1579.6560299988553,44.22755524505647,train,ForgeGuard physics-informed generator,12000.0,2048,0.170666667,0.170583333,train/imbalance/FGOE-01-0031__imbalance.csv,be1f0e6a3dfe477636992f49c0db42da74882ffe4ea50166ed60f4bc8fb7459b
FGOE-01-0032,SIM-RM-04,imbalance,0.7359837049500205,1471.832504628531,70.44309521344431,train,ForgeGuard physics-informed generator,12000.0,2048,0.170666667,0.170583333,train/imbalance/FGOE-01-0032__imbalance.csv,cca20e3ea7bf34c066779e23ff3618562e930fccbedcc1cafa651297a6602ba5
FGOE-01-0033,SIM-RM-05,imbalance,0.8128871683275839,1931.1166092209023,48.98429561620404,train,ForgeGuard physics-informed generator,12000.0,2048,0.170666667,0.170583333,train/imbalance/FGOE-01-0033__imbalance.csv,d43f672b4e77035dc1f949b2624d8c7d5fe5d43a41d672618e739be2c721e688
FGOE-01-0034,SIM-RM-06,imbalance,0.3417404260901193,2065.4071296158018,86.72888027408791,train,ForgeGuard physics-informed generator,12000.0,2048,0.170666667,0.170583333,train/imbalance/FGOE-01-0034__imbalance.csv,db02393ac1564ea5f5d24c30f281b9ec64b391430ff6ebf2579a216243d2f38c
FGOE-01-0035,SIM-RM-07,imbalance,0.5283047356774584,1473.7538036503447,99.92937857045554,train,ForgeGuard physics-informed generator,12000.0,2048,0.170666667,0.170583333,train/imbalance/FGOE-01-0035__imbalance.csv,03c3ca92d4d0ac17d02502a33c9a31fa93d24d816d24c3c439c799dd2deafa2a
FGOE-01-0036,SIM-RM-08,imbalance,0.7140049489345077,1650.9486917809397,69.20088317460733,train,ForgeGuard physics-informed generator,12000.0,2048,0.170666667,0.170583333,train/imbalance/FGOE-01-0036__imbalance.csv,78c0fcc069d4c36fe8dfeacdc67b3ed692d8e52fc68569c6a7796c699865a2c5
FGOE-01-0037,SIM-RM-09,imbalance,0.8973659005184189,2305.62325704697,55.05123588174385,validation,ForgeGuard physics-informed generator,12000.0,2048,0.170666667,0.170583333,validation/imbalance/FGOE-01-0037__imbalance.csv,02195342a3ad39028ec1d336d0c5b7b9aa5b645f2f25a1ee9fb1545bd29d0c48
FGOE-01-0038,SIM-RM-10,imbalance,0.6937825781767595,1374.8594913862564,73.86386296287773,validation,ForgeGuard physics-informed generator,12000.0,2048,0.170666667,0.170583333,validation/imbalance/FGOE-01-0038__imbalance.csv,d53455855e7b43c391560a7efd219e6176b4aba6f82bc43e9c0a68d338096c96
FGOE-01-0039,SIM-RM-11,imbalance,0.5433800235214127,1455.8974037507533,44.823771794473885,test,ForgeGuard physics-informed generator,12000.0,2048,0.170666667,0.170583333,test/imbalance/FGOE-01-0039__imbalance.csv,61bb1f454896cf410f56815c3227dd6714f6cef076d1dea849d86b1d0ef1658a
FGOE-01-0040,SIM-RM-12,imbalance,0.9031162551201478,2316.231912143182,76.7229787264061,test,ForgeGuard physics-informed generator,12000.0,2048,0.170666667,0.170583333,test/imbalance/FGOE-01-0040__imbalance.csv,49267def782a41550b7b36a6d5cf717e9531c7066cce196527512d5e9a6f0841
FGOE-01-0041,SIM-RM-13,imbalance,0.7993344144765312,2154.3609156129705,67.71671210887041,test,ForgeGuard physics-informed generator,12000.0,2048,0.170666667,0.170583333,test/imbalance/FGOE-01-0041__imbalance.csv,58825eeccd040ca7affa352b65a52aff18a9c3a4ac0a833a06866a0beab88b5a
FGOE-01-0042,SIM-RM-00,imbalance,0.8306000304179154,1367.8367839769878,42.64007977360144,train,ForgeGuard physics-informed generator,12000.0,2048,0.170666667,0.170583333,train/imbalance/FGOE-01-0042__imbalance.csv,ef7d663c017d88d32e424468518037db5dab215b34bf258a1236870563f0f9d7
FGOE-01-0043,SIM-RM-01,imbalance,0.6215387134193374,2146.817088325162,51.28485193765036,train,ForgeGuard physics-informed generator,12000.0,2048,0.170666667,0.170583333,train/imbalance/FGOE-01-0043__imbalance.csv,711b823910571ea985fc2f1eea13e1eb63e974d3a79be962a4d1d2e7216e216a
FGOE-01-0044,SIM-RM-02,imbalance,0.672175010137108,1956.0158207000109,95.74172676432079,train,ForgeGuard physics-informed generator,12000.0,2048,0.170666667,0.170583333,train/imbalance/FGOE-01-0044__imbalance.csv,53996660901f0853862678f3089d6297ddd6c412589b1e62dc66951d93f7d09a
FGOE-01-0045,SIM-RM-03,imbalance,0.5481174604614569,1762.5715692736803,61.192883038502785,train,ForgeGuard physics-informed generator,12000.0,2048,0.170666667,0.170583333,train/imbalance/FGOE-01-0045__imbalance.csv,e91e866be287f0c8358050925b7a0237af74d9ea7a76f26aeed077ac17bb9022
FGOE-01-0046,SIM-RM-04,imbalance,0.5677278174534097,2001.9310255799742,95.72434422266275,train,ForgeGuard physics-informed generator,12000.0,2048,0.170666667,0.170583333,train/imbalance/FGOE-01-0046__imbalance.csv,dc5f1eae4b6f70c1e23e39772f2bdde8ca022edc32b51ce25f8fec1073b8a818
FGOE-01-0047,SIM-RM-05,imbalance,0.7722099961704124,1597.8395629513582,51.56636540983068,train,ForgeGuard physics-informed generator,12000.0,2048,0.170666667,0.170583333,train/imbalance/FGOE-01-0047__imbalance.csv,333396c4ebcd67912e13c5f82a68b0e4fb698f2bf68cc45d1bce38f5d2b09214
FGOE-01-0048,SIM-RM-06,imbalance,0.2965911998686247,2166.5687634239102,42.369465589788746,train,ForgeGuard physics-informed generator,12000.0,2048,0.170666667,0.170583333,train/imbalance/FGOE-01-0048__imbalance.csv,ac9097e98b73d0b316234a3a5a1f798d052fe9deb54bb7ce30572ac20d93f8ba
FGOE-01-0049,SIM-RM-07,imbalance,0.8272649333194388,1944.4336637564518,45.23212709348888,train,ForgeGuard physics-informed generator,12000.0,2048,0.170666667,0.170583333,train/imbalance/FGOE-01-0049__imbalance.csv,9df965b472f865cdb4eee9137f92fa28190ecf1e596b328a2c34c54cccfe73be
FGOE-01-0050,SIM-RM-08,imbalance,0.8946793307412151,1660.3346739240744,45.07103530797998,train,ForgeGuard physics-informed generator,12000.0,2048,0.170666667,0.170583333,train/imbalance/FGOE-01-0050__imbalance.csv,eba60bb1b7419a055c94303617eadd68898647b51abba014ab118dbcfc3266bf
FGOE-01-0051,SIM-RM-09,imbalance,0.35752937663444107,1515.5317227352782,54.930405763655486,validation,ForgeGuard physics-informed generator,12000.0,2048,0.170666667,0.170583333,validation/imbalance/FGOE-01-0051__imbalance.csv,34f1c8b61a598f8c3f1aa046010bcaabd6effcdedbcfdbdfcbc3c43f88349002
FGOE-01-0052,SIM-RM-10,imbalance,0.28877678641498206,1465.490063665355,36.4803611435508,validation,ForgeGuard physics-informed generator,12000.0,2048,0.170666667,0.170583333,validation/imbalance/FGOE-01-0052__imbalance.csv,7eab03cf28ec0b7fb9a2aa357dfc47c8a4c7d3e84653366ef16fed1cfd8d46cb
FGOE-01-0053,SIM-RM-11,imbalance,0.6638006712776798,1524.6414709358528,38.73673528390228,test,ForgeGuard physics-informed generator,12000.0,2048,0.170666667,0.170583333,test/imbalance/FGOE-01-0053__imbalance.csv,4521b2a10703c84ee8c6a82fda61c7cf75971993e9e39b23e1b32d99ed3a886e
FGOE-01-0054,SIM-RM-12,imbalance,0.4725937678664346,2030.7145267995065,62.554131978241976,test,ForgeGuard physics-informed generator,12000.0,2048,0.170666667,0.170583333,test/imbalance/FGOE-01-0054__imbalance.csv,3c0fb49b85583a3e3f743b2b1fcfe6587bf4edd4bfcedfada26dc4c0d4352dbd
FGOE-01-0055,SIM-RM-13,imbalance,0.8457921387755442,1854.5262370222301,96.25034595642259,test,ForgeGuard physics-informed generator,12000.0,2048,0.170666667,0.170583333,test/imbalance/FGOE-01-0055__imbalance.csv,18f4d535f6dbe1cfbe3aa0d9f5202e5899f71b8c12a8f90c944723d0db35249f
FGOE-02-0000,SIM-RM-00,misalignment,0.4157214097730772,1393.475062012792,47.704888671756684,train,ForgeGuard physics-informed generator,12000.0,2048,0.170666667,0.170583333,train/misalignment/FGOE-02-0000__misalignment.csv,d4c15b96848255d168bf61cf6be79b818e80742ef13b90010c7bcdc231e23e7e
FGOE-02-0001,SIM-RM-01,misalignment,0.5413836979922346,1599.387575832212,74.98628562199409,train,ForgeGuard physics-informed generator,12000.0,2048,0.170666667,0.170583333,train/misalignment/FGOE-02-0001__misalignment.csv,d218cc044c16ddb4d21d0b7c9f9b01b97456183a95b26a3b0e3cad5a811bc57a
FGOE-02-0002,SIM-RM-02,misalignment,0.616627064102346,1399.254119927594,61.15298969217001,train,ForgeGuard physics-informed generator,12000.0,2048,0.170666667,0.170583333,train/misalignment/FGOE-02-0002__misalignment.csv,7008a751ad41a5625cd9c23c9f5d4452d8d37ca2bcbd5462859f5b6da5dc39be
FGOE-02-0003,SIM-RM-03,misalignment,0.28637330652557297,1451.671902903716,93.34209876519918,train,ForgeGuard physics-informed generator,12000.0,2048,0.170666667,0.170583333,train/misalignment/FGOE-02-0003__misalignment.csv,ff89601b341f51bf7668be818adad51c30f89bd2f1e6907708ee5e0d50bc4ef9
FGOE-02-0004,SIM-RM-04,misalignment,0.8405024661184269,2274.841869018062,41.93791991059128,train,ForgeGuard physics-informed generator,12000.0,2048,0.170666667,0.170583333,train/misalignment/FGOE-02-0004__misalignment.csv,57c010ac8348576614574cd57c77f721407cd72c67e30c28f3253d51daed8bb4
FGOE-02-0005,SIM-RM-05,misalignment,0.8114181161915155,2252.653143927617,103.56994764106149,train,ForgeGuard physics-informed generator,12000.0,2048,0.170666667,0.170583333,train/misalignment/FGOE-02-0005__misalignment.csv,61343600b942901b3c9be2416eb87077b46cb8ab626e7574721a5734fdd8e2ef
FGOE-02-0006,SIM-RM-06,misalignment,0.7952974482046903,2129.4775407713287,79.97382931968833,train,ForgeGuard physics-informed generator,12000.0,2048,0.170666667,0.170583333,train/misalignment/FGOE-02-0006__misalignment.csv,0053bfe12cd4284714963b5734698fdde024c0ae8c6f330281c220a2504238a1
FGOE-02-0007,SIM-RM-07,misalignment,0.6099560091332901,1484.5522084131471,72.52476251633462,train,ForgeGuard physics-informed generator,12000.0,2048,0.170666667,0.170583333,train/misalignment/FGOE-02-0007__misalignment.csv,2510954e5fa933926173dc3e97e33801ec23b779abd5bf8a2a14e0856cfb67a7
FGOE-02-0008,SIM-RM-08,misalignment,0.5195626472702475,2207.572144122558,67.39595559154611,train,ForgeGuard physics-informed generator,12000.0,2048,0.170666667,0.170583333,train/misalignment/FGOE-02-0008__misalignment.csv,d0c7b75b705e06b17b8c2b168495792f2b2e0702757681d31c094499559dc11e
FGOE-02-0009,SIM-RM-09,misalignment,0.3478378876677698,1989.5632712371103,53.65243222505923,validation,ForgeGuard physics-informed generator,12000.0,2048,0.170666667,0.170583333,validation/misalignment/FGOE-02-0009__misalignment.csv,39d0fb50453eb92662ae389a0396cefdcdd19904e0b948ec8c9762c0e77af435
FGOE-02-0010,SIM-RM-10,misalignment,0.4127989583702116,1827.877274023746,64.18225580164196,validation,ForgeGuard physics-informed generator,12000.0,2048,0.170666667,0.170583333,validation/misalignment/FGOE-02-0010__misalignment.csv,1c4b887186a3fa59ffd7eb1d9c66ceac08813833dd22b460f206fc6e3fedf6d7
FGOE-02-0011,SIM-RM-11,misalignment,0.4792468950887818,1717.511810115128,60.64747148783732,test,ForgeGuard physics-informed generator,12000.0,2048,0.170666667,0.170583333,test/misalignment/FGOE-02-0011__misalignment.csv,5f9b0134626eb646eebbf44d0450f2bb6d2509e8048be5faabeae1d421bf2581
FGOE-02-0012,SIM-RM-12,misalignment,0.45781353219989973,1729.464079726929,83.00203418191617,test,ForgeGuard physics-informed generator,12000.0,2048,0.170666667,0.170583333,test/misalignment/FGOE-02-0012__misalignment.csv,3b3530a6a7cf85cfd2ba4015d8d258b78c01be7f339b1340ef1afe154511501b
FGOE-02-0013,SIM-RM-13,misalignment,0.586637299810055,2298.8579267153405,99.14436136767246,test,ForgeGuard physics-informed generator,12000.0,2048,0.170666667,0.170583333,test/misalignment/FGOE-02-0013__misalignment.csv,654cc179150f909c60005a2a6e236dbd4f963c53cb1827fd204901dde77a9af8
FGOE-02-0014,SIM-RM-00,misalignment,0.8439923421415372,1678.3612050046888,72.48043528810021,train,ForgeGuard physics-informed generator,12000.0,2048,0.170666667,0.170583333,train/misalignment/FGOE-02-0014__misalignment.csv,12172ddeccd2c19f6127040afb953dcbbb9906a913afcaa3dfad4610829d9bc4
FGOE-02-0015,SIM-RM-01,misalignment,0.6229055932460181,2002.587340560102,91.30742795629541,train,ForgeGuard physics-informed generator,12000.0,2048,0.170666667,0.170583333,train/misalignment/FGOE-02-0015__misalignment.csv,5d068cd3252bacbfadbc8e35fef7eb7cdcbb6f238e88837a750a0e62bf2553c9
FGOE-02-0016,SIM-RM-02,misalignment,0.7644252136172035,1982.9176292676207,55.17089299277232,train,ForgeGuard physics-informed generator,12000.0,2048,0.170666667,0.170583333,train/misalignment/FGOE-02-0016__misalignment.csv,1aecf64ea450791603b730bffc1f933f3d2573ce08a64b562a826c1f1700a20b
FGOE-02-0017,SIM-RM-03,misalignment,0.8525033478281258,1552.4045931257183,83.63586901729488,train,ForgeGuard physics-informed generator,12000.0,2048,0.170666667,0.170583333,train/misalignment/FGOE-02-0017__misalignment.csv,f64f246b04ff2c2bbbf45467c78bdecfec46d890d88b2e624475ef0469ee8750
FGOE-02-0018,SIM-RM-04,misalignment,0.31656702376095425,1482.102837301544,78.00658183793439,train,ForgeGuard physics-informed generator,12000.0,2048,0.170666667,0.170583333,train/misalignment/FGOE-02-0018__misalignment.csv,773c8eea5903fa69ebd25664aa10669b16b915d4269c5855d84042048c802fee
FGOE-02-0019,SIM-RM-05,misalignment,0.9051578758904382,2075.715628271427,40.914525317646415,train,ForgeGuard physics-informed generator,12000.0,2048,0.170666667,0.170583333,train/misalignment/FGOE-02-0019__misalignment.csv,18e31d0e91de6e8167ad9bcc2105aa0573f1e1e3ace6ae324539d5913b64e101
FGOE-02-0020,SIM-RM-06,misalignment,0.8106189232595676,1487.407930037802,102.12161721363563,train,ForgeGuard physics-informed generator,12000.0,2048,0.170666667,0.170583333,train/misalignment/FGOE-02-0020__misalignment.csv,0a0a47ff6a61c2a1e3dc52ba33b382a56b9b26a8213ae69cc8809763bf10c6cc
FGOE-02-0021,SIM-RM-07,misalignment,0.8065803872881601,1943.682004466354,89.78368732406828,train,ForgeGuard physics-informed generator,12000.0,2048,0.170666667,0.170583333,train/misalignment/FGOE-02-0021__misalignment.csv,5cea4761da332da4f2d99e1fd8607f6010b7ba9c66dbe1d1dc0fb66c48afdfc0
FGOE-02-0022,SIM-RM-08,misalignment,0.6630531267508164,2296.0270628173303,52.73683476874311,train,ForgeGuard physics-informed generator,12000.0,2048,0.170666667,0.170583333,train/misalignment/FGOE-02-0022__misalignment.csv,32584b355ce80fd1644450077539139e96bd768367c57de6022638e3b348be6d
FGOE-02-0023,SIM-RM-09,misalignment,0.36990391286495217,1445.0491975644013,78.1315990016885,validation,ForgeGuard physics-informed generator,12000.0,2048,0.170666667,0.170583333,validation/misalignment/FGOE-02-0023__misalignment.csv,cac2d20c3b53e571ecb0dc76cba5ad2054d54f07b8247d6d1ceca2de550104eb
FGOE-02-0024,SIM-RM-10,misalignment,0.5761896070868591,1914.9506114724418,75.07013598236948,validation,ForgeGuard physics-informed generator,12000.0,2048,0.170666667,0.170583333,validation/misalignment/FGOE-02-0024__misalignment.csv,6f264d39a32f696c30a5cf8ad482bd726ed93a446f2afda69e8be9cde07f742c
FGOE-02-0025,SIM-RM-11,misalignment,0.8094713015584466,1872.6317755131226,88.47463730046115,test,ForgeGuard physics-informed generator,12000.0,2048,0.170666667,0.170583333,test/misalignment/FGOE-02-0025__misalignment.csv,a124e7b9360e8121568db55d9d9fd5768086c63e09e9bd379cd291a15d217bcf
FGOE-02-0026,SIM-RM-12,misalignment,0.9018653649830712,1842.1532155754292,76.97154090658286,test,ForgeGuard physics-informed generator,12000.0,2048,0.170666667,0.170583333,test/misalignment/FGOE-02-0026__misalignment.csv,8bdcc28313c08ee0bbbcc454a9fb3b1bfca7cf2f7556bb1466a0eb06ad218196
FGOE-02-0027,SIM-RM-13,misalignment,0.3113963083375379,1469.7335885011228,43.197249613007735,test,ForgeGuard physics-informed generator,12000.0,2048,0.170666667,0.170583333,test/misalignment/FGOE-02-0027__misalignment.csv,ea5d28d266a13872a76210c8639ee9875396042ab6c4429f8703ae11ec408310
FGOE-02-0028,SIM-RM-00,misalignment,0.7920249912992903,2007.863285040528,64.30258105532656,train,ForgeGuard physics-informed generator,12000.0,2048,0.170666667,0.170583333,train/misalignment/FGOE-02-0028__misalignment.csv,fae0e583ddf227a3b4a2f17ceb0e9019e682ef2889c3f5571de3eb1a3edaa422
FGOE-02-0029,SIM-RM-01,misalignment,0.878856583153075,2021.2314133085924,58.35464308297667,train,ForgeGuard physics-informed generator,12000.0,2048,0.170666667,0.170583333,train/misalignment/FGOE-02-0029__misalignment.csv,1077f132fe0e94fd816c39cc94e552a0bc0186c69545d5f297a0b6ecd687ad51
FGOE-02-0030,SIM-RM-02,misalignment,0.5049344124404378,2112.532147070652,53.9374458637123,train,ForgeGuard physics-informed generator,12000.0,2048,0.170666667,0.170583333,train/misalignment/FGOE-02-0030__misalignment.csv,2ba931439fd5bf5febb34f72889f2c8ca1e7d016c7040cc61372de5ae5c07edf
FGOE-02-0031,SIM-RM-03,misalignment,0.3534483607795341,1664.4399802042628,46.03281540374998,train,ForgeGuard physics-informed generator,12000.0,2048,0.170666667,0.170583333,train/misalignment/FGOE-02-0031__misalignment.csv,efcd7953c0457b1baff6c4f190a068ca5569cc8948fb992b384d142a4b93474b
FGOE-02-0032,SIM-RM-04,misalignment,0.5183238759441868,2286.127463375744,65.65328260391273,train,ForgeGuard physics-informed generator,12000.0,2048,0.170666667,0.170583333,train/misalignment/FGOE-02-0032__misalignment.csv,99dce0121bc8849c93a9c35f17864efbf3ce8362f424cc1272a9383a07d8ef16
FGOE-02-0033,SIM-RM-05,misalignment,0.9052979907869235,2079.685708677378,73.709514567703,train,ForgeGuard physics-informed generator,12000.0,2048,0.170666667,0.170583333,train/misalignment/FGOE-02-0033__misalignment.csv,67b419a2958fee567dbcb8f87d63b78d5ba5fd6af279e6ff4155e86d153b0d35
FGOE-02-0034,SIM-RM-06,misalignment,0.5134516314365783,2130.3014939093923,68.55586948871783,train,ForgeGuard physics-informed generator,12000.0,2048,0.170666667,0.170583333,train/misalignment/FGOE-02-0034__misalignment.csv,bff46ca431190fb25d87119ebdf195aad9d2696735b1b23052066946cef177ec
FGOE-02-0035,SIM-RM-07,misalignment,0.9158362620026888,2336.631544924322,85.24321652025505,train,ForgeGuard physics-informed generator,12000.0,2048,0.170666667,0.170583333,train/misalignment/FGOE-02-0035__misalignment.csv,87f25e87bdc848cb498e67ca0cdc3c09dfbd9181faa4dd0727294af3f89357b9
FGOE-02-0036,SIM-RM-08,misalignment,0.6959517187938453,1468.4785772170414,94.53735754335477,train,ForgeGuard physics-informed generator,12000.0,2048,0.170666667,0.170583333,train/misalignment/FGOE-02-0036__misalignment.csv,48b655b8372e4e33cfc69d7e332d053e4e087e29e7a1d69788e0993134bc8a94
FGOE-02-0037,SIM-RM-09,misalignment,0.7302674555738141,1471.9216783351126,76.17805999784545,validation,ForgeGuard physics-informed generator,12000.0,2048,0.170666667,0.170583333,validation/misalignment/FGOE-02-0037__misalignment.csv,e8aa15491e165008edeb3b16d62f3ea6b08d885d1544e331ab54c899db228aeb
FGOE-02-0038,SIM-RM-10,misalignment,0.8277796578374248,1362.3026858886028,66.80225732892225,validation,ForgeGuard physics-informed generator,12000.0,2048,0.170666667,0.170583333,validation/misalignment/FGOE-02-0038__misalignment.csv,c5b53d45b2e77321bc1e1c853a2f5dac3b8b75e00c22624c5913fa53680f9399
FGOE-02-0039,SIM-RM-11,misalignment,0.5596198889475252,1645.3590253440898,67.09836572589857,test,ForgeGuard physics-informed generator,12000.0,2048,0.170666667,0.170583333,test/misalignment/FGOE-02-0039__misalignment.csv,f92db3d57c90371eb1148ec3eb14a7d7e5aa4df750806bf51e01f7ee1be05459
FGOE-02-0040,SIM-RM-12,misalignment,0.7969058248020611,1651.9273914424916,99.2909326860888,test,ForgeGuard physics-informed generator,12000.0,2048,0.170666667,0.170583333,test/misalignment/FGOE-02-0040__misalignment.csv,300bccd2658f13a330a14a45f219764149c3ff308d2927d368055b62dda9bd05
FGOE-02-0041,SIM-RM-13,misalignment,0.8654400170154216,1460.5884109961105,104.79242604863012,test,ForgeGuard physics-informed generator,12000.0,2048,0.170666667,0.170583333,test/misalignment/FGOE-02-0041__misalignment.csv,c61b302f97ff5fe7cda967fd68f9e375ce28dfb0e653472f7a1b1fb47270138f
FGOE-02-0042,SIM-RM-00,misalignment,0.324493672309968,1633.908437864039,93.58276057626568,train,ForgeGuard physics-informed generator,12000.0,2048,0.170666667,0.170583333,train/misalignment/FGOE-02-0042__misalignment.csv,e1976d85f1bb71693ad7d420ee85b049534de41329dabb3fb9e2a76f1eec2206
FGOE-02-0043,SIM-RM-01,misalignment,0.7050875108911578,2349.1047304742387,81.59793152745758,train,ForgeGuard physics-informed generator,12000.0,2048,0.170666667,0.170583333,train/misalignment/FGOE-02-0043__misalignment.csv,30088c08bddcae7318c4246c3da406412b1e51139ee915469e6a82d82386a522
FGOE-02-0044,SIM-RM-02,misalignment,0.2702996522431286,1440.4407269841327,97.79233792276378,train,ForgeGuard physics-informed generator,12000.0,2048,0.170666667,0.170583333,train/misalignment/FGOE-02-0044__misalignment.csv,27971e143066503c84908ec9c9afb30fa1c7d38293615505288f0f688ae475f1
FGOE-02-0045,SIM-RM-03,misalignment,0.793737558484553,1590.828058041147,45.01153126166445,train,ForgeGuard physics-informed generator,12000.0,2048,0.170666667,0.170583333,train/misalignment/FGOE-02-0045__misalignment.csv,b70c81c5cc89377fce9435b726cafdfcbb8409888229d564f5844854b31d0c4f
FGOE-02-0046,SIM-RM-04,misalignment,0.7093883275292431,1548.2042272128979,98.74467589916196,train,ForgeGuard physics-informed generator,12000.0,2048,0.170666667,0.170583333,train/misalignment/FGOE-02-0046__misalignment.csv,b26d7aab06e2b26c226d23acc3de8a23c7fcd6c4af10c6a9f505000b1e8eaf5b
FGOE-02-0047,SIM-RM-05,misalignment,0.2861605419100792,1386.1627104946963,35.38008838900903,train,ForgeGuard physics-informed generator,12000.0,2048,0.170666667,0.170583333,train/misalignment/FGOE-02-0047__misalignment.csv,df597aad03a57d445c3d79f92f7d0be628b4825946f6a825d5ab46dc76ce1326
FGOE-02-0048,SIM-RM-06,misalignment,0.41698697443917193,1955.9251776477277,91.10372676015908,train,ForgeGuard physics-informed generator,12000.0,2048,0.170666667,0.170583333,train/misalignment/FGOE-02-0048__misalignment.csv,5323f6b2136ae9a2870d264530ab983d9688b6f7649fb681586184bc931e4bfe
FGOE-02-0049,SIM-RM-07,misalignment,0.8106746975491733,2199.408842923073,39.00623581072823,train,ForgeGuard physics-informed generator,12000.0,2048,0.170666667,0.170583333,train/misalignment/FGOE-02-0049__misalignment.csv,c1bf00e5630e369f0adaaaab0da1da8ec2583c9b6a64c027c51b45294e7a9d06
FGOE-02-0050,SIM-RM-08,misalignment,0.738684548785046,2277.7954301722802,89.04758793730664,train,ForgeGuard physics-informed generator,12000.0,2048,0.170666667,0.170583333,train/misalignment/FGOE-02-0050__misalignment.csv,b05e87e2353c5f81d6933b75671492e1f2275c95edc27c713561104f3b9f2136
FGOE-02-0051,SIM-RM-09,misalignment,0.39124747750333877,2187.980218655383,37.81059096829465,validation,ForgeGuard physics-informed generator,12000.0,2048,0.170666667,0.170583333,validation/misalignment/FGOE-02-0051__misalignment.csv,56d848a60e0e468b79b7c145c5e7250aafd2938f3d3634fb584580c824daa8ed
FGOE-02-0052,SIM-RM-10,misalignment,0.7716316898301911,1474.923679305643,70.31716931350905,validation,ForgeGuard physics-informed generator,12000.0,2048,0.170666667,0.170583333,validation/misalignment/FGOE-02-0052__misalignment.csv,b0dab44a6b0ad613df61e618337a6d570b5531a2fa818f407cf81aedaa4e52b9
FGOE-02-0053,SIM-RM-11,misalignment,0.3586490947087636,1980.0118445763987,94.57917698333546,test,ForgeGuard physics-informed generator,12000.0,2048,0.170666667,0.170583333,test/misalignment/FGOE-02-0053__misalignment.csv,a051d64d9115e71789473d9282913007d1a0e97cbf52e830873e515afb60a80f
FGOE-02-0054,SIM-RM-12,misalignment,0.43953112592246013,2084.6210919351615,48.512904360823285,test,ForgeGuard physics-informed generator,12000.0,2048,0.170666667,0.170583333,test/misalignment/FGOE-02-0054__misalignment.csv,dfb85843f3b7712d4943fb43dd5fcc7696dd5133482579ae89ed936901bfd12a
FGOE-02-0055,SIM-RM-13,misalignment,0.6780805241839487,2059.904697281304,103.61433494290773,test,ForgeGuard physics-informed generator,12000.0,2048,0.170666667,0.170583333,test/misalignment/FGOE-02-0055__misalignment.csv,1f9bd3808167760d36c48d435c29ca091719c1a35c34aced1a7e31cfa20bcdf5
FGOE-03-0000,SIM-RM-00,outer_race,0.27964538610611694,1404.5003149912957,78.1416278949273,train,ForgeGuard physics-informed generator,12000.0,2048,0.170666667,0.170583333,train/outer_race/FGOE-03-0000__outer_race.csv,c605f5d29ec293ae824b009fbe11108e68c14533ad9160f5906b4ae2b685c548
FGOE-03-0001,SIM-RM-01,outer_race,0.3711894924957523,2234.145711366817,84.67047995704345,train,ForgeGuard physics-informed generator,12000.0,2048,0.170666667,0.170583333,train/outer_race/FGOE-03-0001__outer_race.csv,7b4a9e337eda53dc9e59f4e9cc51d345bf103f6cbbcde40e6e531820190f83c6
FGOE-03-0002,SIM-RM-02,outer_race,0.9360190256879347,1441.721005824198,47.84732602162233,train,ForgeGuard physics-informed generator,12000.0,2048,0.170666667,0.170583333,train/outer_race/FGOE-03-0002__outer_race.csv,311a30de902fded405bc78264d7196ddbb042712aedc066120163682d6d08f2b
FGOE-03-0003,SIM-RM-03,outer_race,0.6954858394754437,1808.5606424584898,89.88566638389855,train,ForgeGuard physics-informed generator,12000.0,2048,0.170666667,0.170583333,train/outer_race/FGOE-03-0003__outer_race.csv,d8115942568b733ea17016f0be9de3fea2474275be6f372d9945e65710e7cd1e
FGOE-03-0004,SIM-RM-04,outer_race,0.9122171174906665,1922.4131499586374,45.15911782655348,train,ForgeGuard physics-informed generator,12000.0,2048,0.170666667,0.170583333,train/outer_race/FGOE-03-0004__outer_race.csv,2bda26b6b2d655eb403b13ccbd3a9f13eafd5392e055efe84e2263556897c834
FGOE-03-0005,SIM-RM-05,outer_race,0.7398431612123462,1651.342632514718,75.46120510652796,train,ForgeGuard physics-informed generator,12000.0,2048,0.170666667,0.170583333,train/outer_race/FGOE-03-0005__outer_race.csv,f028d8e2bf3f7bb2da4320b2c3414c2a6818a8a3cb618c88a5a2b51ba05635aa
FGOE-03-0006,SIM-RM-06,outer_race,0.3539072929440406,1999.2331552453088,100.84160867868628,train,ForgeGuard physics-informed generator,12000.0,2048,0.170666667,0.170583333,train/outer_race/FGOE-03-0006__outer_race.csv,0de48fafa5254a13423490bc158a29ce73e34a47a2b92d0cbde336187f240297
FGOE-03-0007,SIM-RM-07,outer_race,0.5819181106378326,1858.352738446942,63.28240735185362,train,ForgeGuard physics-informed generator,12000.0,2048,0.170666667,0.170583333,train/outer_race/FGOE-03-0007__outer_race.csv,bde292d247d9fdb01a8b2ea8349ca7770ca9a944099f95e76b09ba371738ad40
FGOE-03-0008,SIM-RM-08,outer_race,0.44465288204688014,1469.2175261977445,44.38662269109358,train,ForgeGuard physics-informed generator,12000.0,2048,0.170666667,0.170583333,train/outer_race/FGOE-03-0008__outer_race.csv,efb620158e6d800fe1d4c464450efd1b6db87ed6a0f54c55247572874b3248ac
FGOE-03-0009,SIM-RM-09,outer_race,0.6776912829256398,1654.7046037608313,64.9532249576945,validation,ForgeGuard physics-informed generator,12000.0,2048,0.170666667,0.170583333,validation/outer_race/FGOE-03-0009__outer_race.csv,96a0bc0ce47d8fb55494954a6dab3635be4accd29afda33263e80f8e9de77be7
FGOE-03-0010,SIM-RM-10,outer_race,0.536148176600088,1984.629117418263,63.826762760989915,validation,ForgeGuard physics-informed generator,12000.0,2048,0.170666667,0.170583333,validation/outer_race/FGOE-03-0010__outer_race.csv,332a281deefad0d10aa54c47ab2f6eda764caa276b8fd1fc730932a47b05aa1d
FGOE-03-0011,SIM-RM-11,outer_race,0.4719286379220665,1567.628526696962,76.18143738863057,test,ForgeGuard physics-informed generator,12000.0,2048,0.170666667,0.170583333,test/outer_race/FGOE-03-0011__outer_race.csv,3c5a1c51fe66dfa2742142c43f476b653005791e2678358a55305e6aafb6fbed
FGOE-03-0012,SIM-RM-12,outer_race,0.5818928725631192,1386.0598342773637,64.28800309098023,test,ForgeGuard physics-informed generator,12000.0,2048,0.170666667,0.170583333,test/outer_race/FGOE-03-0012__outer_race.csv,ecd32fc2713e8c23ffbbcddd71950254a76bb234f221ba49f7c50b873ce9a938
FGOE-03-0013,SIM-RM-13,outer_race,0.6460403303023446,1575.592868204211,75.0720553185481,test,ForgeGuard physics-informed generator,12000.0,2048,0.170666667,0.170583333,test/outer_race/FGOE-03-0013__outer_race.csv,9e1c1447c9ccb750f2d2768474a885b338ee55102c935a5963ab826774e6be96
FGOE-03-0014,SIM-RM-00,outer_race,0.7067031395647221,2052.0021811103716,80.3563937540847,train,ForgeGuard physics-informed generator,12000.0,2048,0.170666667,0.170583333,train/outer_race/FGOE-03-0014__outer_race.csv,61fff5989a562f2f0ad19fe1fca5023e4c32a1b00a8319cae167cb256a6c43c9
FGOE-03-0015,SIM-RM-01,outer_race,0.6344010685197756,1666.214151824043,90.12025553901677,train,ForgeGuard physics-informed generator,12000.0,2048,0.170666667,0.170583333,train/outer_race/FGOE-03-0015__outer_race.csv,80ddc4da3160b7bf54ac4e0e6d6bc10bd7f2f607eaab368533d595bafa01b771
FGOE-03-0016,SIM-RM-02,outer_race,0.502460134115178,1781.41819517989,78.82087366587399,train,ForgeGuard physics-informed generator,12000.0,2048,0.170666667,0.170583333,train/outer_race/FGOE-03-0016__outer_race.csv,acbdb60a1a82819c1917e8705804be225be592f5cbb471835ca60c5e638b7481
FGOE-03-0017,SIM-RM-03,outer_race,0.8704820207065953,1862.7392446067583,86.56939819375542,train,ForgeGuard physics-informed generator,12000.0,2048,0.170666667,0.170583333,train/outer_race/FGOE-03-0017__outer_race.csv,68f127ccb205d86faf10f472bed2e3918672666ba5227c9fb278e79bc219d6f7
FGOE-03-0018,SIM-RM-04,outer_race,0.6141925803183983,2271.0571972951916,70.25430476281694,train,ForgeGuard physics-informed generator,12000.0,2048,0.170666667,0.170583333,train/outer_race/FGOE-03-0018__outer_race.csv,4093aaa0b789f45446b8fab342520aa7af06fe3124b3d4b1293edd1d1567ed1d
FGOE-03-0019,SIM-RM-05,outer_race,0.836167653641548,2149.8704107638364,57.01154842209409,train,ForgeGuard physics-informed generator,12000.0,2048,0.170666667,0.170583333,train/outer_race/FGOE-03-0019__outer_race.csv,ba018c6acd7968d6ba967b1afa17037c604ecb21de265d5870005f7845e3cb31
FGOE-03-0020,SIM-RM-06,outer_race,0.3004414029510606,1844.1416465174234,43.10997070346879,train,ForgeGuard physics-informed generator,12000.0,2048,0.170666667,0.170583333,train/outer_race/FGOE-03-0020__outer_race.csv,64eb791479df39dae5349a12fece4062dc0a2abcf61fec9368948d46b97c4078
FGOE-03-0021,SIM-RM-07,outer_race,0.44642800529355914,2191.993211039463,38.88975418348145,train,ForgeGuard physics-informed generator,12000.0,2048,0.170666667,0.170583333,train/outer_race/FGOE-03-0021__outer_race.csv,13fdd763db1501ce292f41343621be4fa0bfd4c287a89bf684dc979e26b686a8
FGOE-03-0022,SIM-RM-08,outer_race,0.46972535886139244,1684.1300405015459,47.109611163411564,train,ForgeGuard physics-informed generator,12000.0,2048,0.170666667,0.170583333,train/outer_race/FGOE-03-0022__outer_race.csv,e318b790f2ec2abc616f5618d4334dbf39e26dbbbe9f517530b88f8c091fe06c
FGOE-03-0023,SIM-RM-09,outer_race,0.8290213971644804,2092.6925667250857,36.02779904920495,validation,ForgeGuard physics-informed generator,12000.0,2048,0.170666667,0.170583333,validation/outer_race/FGOE-03-0023__outer_race.csv,0a8e7c1c2dd2f4759750c1ea341d721d5645c8020e84dc2ea4b8a8e7ccf70c71
FGOE-03-0024,SIM-RM-10,outer_race,0.35752902934244435,2206.548023574558,61.058310123408376,validation,ForgeGuard physics-informed generator,12000.0,2048,0.170666667,0.170583333,validation/outer_race/FGOE-03-0024__outer_race.csv,abf4560fef3dc5d65f190ea8cd78a8493c5d50af4854cb76645b1208a520355b
FGOE-03-0025,SIM-RM-11,outer_race,0.5054435527547767,1950.8404079450809,43.37707891054261,test,ForgeGuard physics-informed generator,12000.0,2048,0.170666667,0.170583333,test/outer_race/FGOE-03-0025__outer_race.csv,ef5bad59ccc5ac0b70682e7bfdd10740314cc36cbd05a4f2e744c47c7e06ae39
FGOE-03-0026,SIM-RM-12,outer_race,0.7904734239482099,2308.4291809009724,104.6825130808546,test,ForgeGuard physics-informed generator,12000.0,2048,0.170666667,0.170583333,test/outer_race/FGOE-03-0026__outer_race.csv,e7066547302950e598a21ccc8a2868d8c5f3df4f7398d40624129dd2b2e43ed2
FGOE-03-0027,SIM-RM-13,outer_race,0.7437844558388089,1660.9615099207663,83.13655344162648,test,ForgeGuard physics-informed generator,12000.0,2048,0.170666667,0.170583333,test/outer_race/FGOE-03-0027__outer_race.csv,6dae126cd3254d53d05e501850225cf01b615a5fd02990d699716f7364d772ff
FGOE-03-0028,SIM-RM-00,outer_race,0.2575093514829734,1737.8416951636498,79.86220442103115,train,ForgeGuard physics-informed generator,12000.0,2048,0.170666667,0.170583333,train/outer_race/FGOE-03-0028__outer_race.csv,1aadc08f8ddf3fdd3130750496653adf2980d32944c6d1015a67fdd8425ae1d3
FGOE-03-0029,SIM-RM-01,outer_race,0.3646259129808071,1559.0576586022414,71.75618120770828,train,ForgeGuard physics-informed generator,12000.0,2048,0.170666667,0.170583333,train/outer_race/FGOE-03-0029__outer_race.csv,1525350eef184aba753c5a6d329a41e8ef08628807dc1a1ad85086811aeb315e
FGOE-03-0030,SIM-RM-02,outer_race,0.9423931018785238,1515.9068678765336,93.54130033851666,train,ForgeGuard physics-informed generator,12000.0,2048,0.170666667,0.170583333,train/outer_race/FGOE-03-0030__outer_race.csv,d70fcaae5eba8b463875f18183450e913e635ceb9c14389956a7d358eeeca866
FGOE-03-0031,SIM-RM-03,outer_race,0.9432251650283907,1905.9694280284484,93.73488116171994,train,ForgeGuard physics-informed generator,12000.0,2048,0.170666667,0.170583333,train/outer_race/FGOE-03-0031__outer_race.csv,7fccb2882746e8044daf12fe80cd32db0234029face44530d52c7d1db122abb3
FGOE-03-0032,SIM-RM-04,outer_race,0.524800901089344,1491.5958885687746,66.37719292780457,train,ForgeGuard physics-informed generator,12000.0,2048,0.170666667,0.170583333,train/outer_race/FGOE-03-0032__outer_race.csv,18b3040324c154116d7f250c16558e72f3268357b2c4a3779b114df756f6adff
FGOE-03-0033,SIM-RM-05,outer_race,0.553645319125815,1430.049283646185,87.87311209563211,train,ForgeGuard physics-informed generator,12000.0,2048,0.170666667,0.170583333,train/outer_race/FGOE-03-0033__outer_race.csv,f904acd512e8d9355ad1e0d3a39622937bfbef2e86dd2cf7cf0dab037905959c
FGOE-03-0034,SIM-RM-06,outer_race,0.3766486565616077,1819.3269341904013,45.54710816692681,train,ForgeGuard physics-informed generator,12000.0,2048,0.170666667,0.170583333,train/outer_race/FGOE-03-0034__outer_race.csv,46cf0c504a109527d5a6482b0bbcb21489cacbbd4a3fe2384ddb8df59f10d6ac
FGOE-03-0035,SIM-RM-07,outer_race,0.41299659946059436,2257.103622156215,38.12543622819952,train,ForgeGuard physics-informed generator,12000.0,2048,0.170666667,0.170583333,train/outer_race/FGOE-03-0035__outer_race.csv,a6fad249a85692df700ed7329f630cbd461605337de4de3a115b857f1c2b4822
FGOE-03-0036,SIM-RM-08,outer_race,0.6605116211103571,1642.0593303145283,69.31382796811104,train,ForgeGuard physics-informed generator,12000.0,2048,0.170666667,0.170583333,train/outer_race/FGOE-03-0036__outer_race.csv,e8180ccdb391989fb987952a6f11f214cb1680432ca0fb73979896ae39ff910c
FGOE-03-0037,SIM-RM-09,outer_race,0.4205672178389995,1843.2899758506665,40.88807341898174,validation,ForgeGuard physics-informed generator,12000.0,2048,0.170666667,0.170583333,validation/outer_race/FGOE-03-0037__outer_race.csv,433d7e160d30f53c8bca7d2134b1b7fb056516752b7817bc6e37ac4701224477
FGOE-03-0038,SIM-RM-10,outer_race,0.704404335093992,2193.588384762541,79.63120903349213,validation,ForgeGuard physics-informed generator,12000.0,2048,0.170666667,0.170583333,validation/outer_race/FGOE-03-0038__outer_race.csv,0d7eed24e00a975e0f98bffca8ec22340b93a3e27eb6b9b9de240de61bb5e931
FGOE-03-0039,SIM-RM-11,outer_race,0.2906759372050131,2020.203255351355,88.40321133276703,test,ForgeGuard physics-informed generator,12000.0,2048,0.170666667,0.170583333,test/outer_race/FGOE-03-0039__outer_race.csv,d3fdccff7ce77f69fd0a760fe88000d31d5cbaf6fee4a66db5aca1f3a2196ce8
FGOE-03-0040,SIM-RM-12,outer_race,0.4869195383081282,1716.6083849326124,72.76692046831751,test,ForgeGuard physics-informed generator,12000.0,2048,0.170666667,0.170583333,test/outer_race/FGOE-03-0040__outer_race.csv,fd1cc4a6182eb2b8f44ebea113138956fc774f503c0e4c0336899f606fde38c9
FGOE-03-0041,SIM-RM-13,outer_race,0.7880393126215653,2194.4788732871866,68.78007560111058,test,ForgeGuard physics-informed generator,12000.0,2048,0.170666667,0.170583333,test/outer_race/FGOE-03-0041__outer_race.csv,d0311f07f640bb1b07ce9c9f96a8c249923b28289b98bdffdb1df419f4665d4c
FGOE-03-0042,SIM-RM-00,outer_race,0.8866865707099449,2202.015516881169,70.33540380324487,train,ForgeGuard physics-informed generator,12000.0,2048,0.170666667,0.170583333,train/outer_race/FGOE-03-0042__outer_race.csv,8868061af372735617c2f765dd3f03639e73ed583704982d060e4c2f0e160a6e
FGOE-03-0043,SIM-RM-01,outer_race,0.48841355691406696,1937.1239405369806,94.51920091836053,train,ForgeGuard physics-informed generator,12000.0,2048,0.170666667,0.170583333,train/outer_race/FGOE-03-0043__outer_race.csv,8f02987354966e6bb2922847c9204363288d2d26cafca154f8d4f81b6237cadb
FGOE-03-0044,SIM-RM-02,outer_race,0.3234858011272494,1848.8169585314852,72.19877287032044,train,ForgeGuard physics-informed generator,12000.0,2048,0.170666667,0.170583333,train/outer_race/FGOE-03-0044__outer_race.csv,5f846c1909a064afdba7f7262e8e4db2bbba977c6ac341f0d390aae98d9da725
FGOE-03-0045,SIM-RM-03,outer_race,0.6915825682553196,1748.5525067015406,99.21363707861732,train,ForgeGuard physics-informed generator,12000.0,2048,0.170666667,0.170583333,train/outer_race/FGOE-03-0045__outer_race.csv,7848bbf18b1e7959e4038e30ea43f5e6805f715438ab57df8babd0eef55454e8
FGOE-03-0046,SIM-RM-04,outer_race,0.38412210676388986,1527.5065824369674,58.71989449267235,train,ForgeGuard physics-informed generator,12000.0,2048,0.170666667,0.170583333,train/outer_race/FGOE-03-0046__outer_race.csv,d6f9a7561a295caaca8b694cf0d0f7df53c0a06f7016195236a7195e0ed8dd28
FGOE-03-0047,SIM-RM-05,outer_race,0.56374512977981,1374.8231317985726,99.92223209528187,train,ForgeGuard physics-informed generator,12000.0,2048,0.170666667,0.170583333,train/outer_race/FGOE-03-0047__outer_race.csv,24f0b435910de26366f13c71950bc6dbefe36bbefb9d20b57fe0bdccd27e808c
FGOE-03-0048,SIM-RM-06,outer_race,0.2551201194051109,1657.535072420786,76.89340340904155,train,ForgeGuard physics-informed generator,12000.0,2048,0.170666667,0.170583333,train/outer_race/FGOE-03-0048__outer_race.csv,b3eb3916e59c5e29bb792c6ff56c1737a1be16db8514ce45705ffafce377d1a1
FGOE-03-0049,SIM-RM-07,outer_race,0.6936388411484841,1628.022106600814,84.21234259892248,train,ForgeGuard physics-informed generator,12000.0,2048,0.170666667,0.170583333,train/outer_race/FGOE-03-0049__outer_race.csv,78b0716e626262388ebaaabc0b5191517df2ce8cdafebb48cd428877844ad368
FGOE-03-0050,SIM-RM-08,outer_race,0.5842541115394129,2331.8059475425353,78.42503967606308,train,ForgeGuard physics-informed generator,12000.0,2048,0.170666667,0.170583333,train/outer_race/FGOE-03-0050__outer_race.csv,3b9a0d6508f48bfad447c7c2df43849daebe36c01ff79d1cd4f8fe7f665b6357
FGOE-03-0051,SIM-RM-09,outer_race,0.7544871627028461,2111.4325631840074,98.23295103748372,validation,ForgeGuard physics-informed generator,12000.0,2048,0.170666667,0.170583333,validation/outer_race/FGOE-03-0051__outer_race.csv,18579eaa46228c026a3a379d2b0c9f7c1f32963b8cbcdf61c1c489ed8b04e931
FGOE-03-0052,SIM-RM-10,outer_race,0.8567610067833484,2313.2112235493796,89.74036195167241,validation,ForgeGuard physics-informed generator,12000.0,2048,0.170666667,0.170583333,validation/outer_race/FGOE-03-0052__outer_race.csv,aa3b80967efe3a0203aa07c353522b6605faceb6941510c72b2c05187f876785
FGOE-03-0053,SIM-RM-11,outer_race,0.5580620896691579,1464.1040711836372,86.26894520956515,test,ForgeGuard physics-informed generator,12000.0,2048,0.170666667,0.170583333,test/outer_race/FGOE-03-0053__outer_race.csv,60e2fea79fb8c75ec1520af66ecd8c3a5c2c735a39ee3e66911759788a47918a
FGOE-03-0054,SIM-RM-12,outer_race,0.9288705816938986,1903.1038024112752,80.78716866376497,test,ForgeGuard physics-informed generator,12000.0,2048,0.170666667,0.170583333,test/outer_race/FGOE-03-0054__outer_race.csv,43bf1c00d53c9f7e6aed26c4ae6d306e287d3e89516837e0c75f737141c837e5
FGOE-03-0055,SIM-RM-13,outer_race,0.7636274482065413,2334.5780814316245,55.17597718415337,test,ForgeGuard physics-informed generator,12000.0,2048,0.170666667,0.170583333,test/outer_race/FGOE-03-0055__outer_race.csv,bf76fdf7006e43453594b257ddda3327b55b113dadd168a582126f3916b4349e
FGOE-04-0000,SIM-RM-00,inner_race,0.3367088424049547,2099.9835379352685,59.254500291913416,train,ForgeGuard physics-informed generator,12000.0,2048,0.170666667,0.170583333,train/inner_race/FGOE-04-0000__inner_race.csv,a6e0bd003a5097ecea3eed36536a01b8dc996139668270f81570882ad89b446c
FGOE-04-0001,SIM-RM-01,inner_race,0.5927898192718342,1390.9469602857198,89.41401892704249,train,ForgeGuard physics-informed generator,12000.0,2048,0.170666667,0.170583333,train/inner_race/FGOE-04-0001__inner_race.csv,9b7acb7d77f04ea024f09b1a4b133704f3733b4e50acc1c037bfeb2115c87c87
FGOE-04-0002,SIM-RM-02,inner_race,0.9345418853516881,2335.540169494926,67.54814193355571,train,ForgeGuard physics-informed generator,12000.0,2048,0.170666667,0.170583333,train/inner_race/FGOE-04-0002__inner_race.csv,d0722c5d2127730a2efbb87647134a6cf75894aadd120ee2f33d93adda492c54
FGOE-04-0003,SIM-RM-03,inner_race,0.30937349061828245,1761.5760021940598,90.55775053919808,train,ForgeGuard physics-informed generator,12000.0,2048,0.170666667,0.170583333,train/inner_race/FGOE-04-0003__inner_race.csv,0fe9069984199ae82fa4c6f6978fd3c505dd5da6337b41b09c45ff833dea1ff5
FGOE-04-0004,SIM-RM-04,inner_race,0.897291167053922,1905.461710137764,91.1441850890007,train,ForgeGuard physics-informed generator,12000.0,2048,0.170666667,0.170583333,train/inner_race/FGOE-04-0004__inner_race.csv,e17e9144b7d528512d808babd80a4151683cf04d8451acc852ba03d96e134f7f
FGOE-04-0005,SIM-RM-05,inner_race,0.5108916389147139,2172.5830906174315,37.5879509040822,train,ForgeGuard physics-informed generator,12000.0,2048,0.170666667,0.170583333,train/inner_race/FGOE-04-0005__inner_race.csv,575e1f231c8e1eccaa74a544bbd60383b43b60928b5dafe0e46decc0f60ce9d0
FGOE-04-0006,SIM-RM-06,inner_race,0.7227139400672389,1398.6984723138512,42.64976037801906,train,ForgeGuard physics-informed generator,12000.0,2048,0.170666667,0.170583333,train/inner_race/FGOE-04-0006__inner_race.csv,0de429d5695d9bd9cc91f079e34637cd02fcdb844a972a65b3bc9dc0820f5559
FGOE-04-0007,SIM-RM-07,inner_race,0.8558195836389639,2063.258196311698,89.16044779261384,train,ForgeGuard physics-informed generator,12000.0,2048,0.170666667,0.170583333,train/inner_race/FGOE-04-0007__inner_race.csv,ca6d0c969e12499d04848c110c8731545f5a1a1059960a5b9641363b00fdc17c
FGOE-04-0008,SIM-RM-08,inner_race,0.28427459687629547,2089.43146847651,91.06101144746424,train,ForgeGuard physics-informed generator,12000.0,2048,0.170666667,0.170583333,train/inner_race/FGOE-04-0008__inner_race.csv,0caab58804a215070e991ba2a5a57e9ddbeafb8b083743bb2374a272e2e41113
FGOE-04-0009,SIM-RM-09,inner_race,0.8506877132373761,1584.5351504412986,78.5328441362672,validation,ForgeGuard physics-informed generator,12000.0,2048,0.170666667,0.170583333,validation/inner_race/FGOE-04-0009__inner_race.csv,8721fbfc7be42a1f9442e3edb85da66cce08d57a86dc430ffd4372eaf8267f11
FGOE-04-0010,SIM-RM-10,inner_race,0.724101179555078,1354.5001249396591,71.02405394814448,validation,ForgeGuard physics-informed generator,12000.0,2048,0.170666667,0.170583333,validation/inner_race/FGOE-04-0010__inner_race.csv,62413d1de81bd38fde35dc7b95e2341d74e921e9cd947952ee273712d4e44ef1
FGOE-04-0011,SIM-RM-11,inner_race,0.8769444169685877,1379.6072891286133,63.09488902873716,test,ForgeGuard physics-informed generator,12000.0,2048,0.170666667,0.170583333,test/inner_race/FGOE-04-0011__inner_race.csv,fc3722247df215f77ab777867df32a53a5b63b216e470b8ec2ec3d2fb67e4559
FGOE-04-0012,SIM-RM-12,inner_race,0.8469467907423388,2021.6128088558587,51.63608543524181,test,ForgeGuard physics-informed generator,12000.0,2048,0.170666667,0.170583333,test/inner_race/FGOE-04-0012__inner_race.csv,9334ba51eb9508d7252c4bb9a491e2f6de5c538ca171844b101ba5ecb6a335e7
FGOE-04-0013,SIM-RM-13,inner_race,0.4592605557832339,1698.0314234095144,94.73412698008417,test,ForgeGuard physics-informed generator,12000.0,2048,0.170666667,0.170583333,test/inner_race/FGOE-04-0013__inner_race.csv,83de56faa171434d2e7cc32265a8747fd979f67038867804e44252bffe022400
FGOE-04-0014,SIM-RM-00,inner_race,0.4423775355285469,1940.3202508831491,62.78580474234839,train,ForgeGuard physics-informed generator,12000.0,2048,0.170666667,0.170583333,train/inner_race/FGOE-04-0014__inner_race.csv,5dc3c5b87e0932960308a7ae93405b5dfa7252d20da3cc0e78b6007d472fade2
FGOE-04-0015,SIM-RM-01,inner_race,0.30936811386503416,2236.557562171869,48.13155773576439,train,ForgeGuard physics-informed generator,12000.0,2048,0.170666667,0.170583333,train/inner_race/FGOE-04-0015__inner_race.csv,3af7d1248344a850bd333b3447f81533f8eda0a3b11f37605480e38e5fb97c70
FGOE-04-0016,SIM-RM-02,inner_race,0.8152021241833972,1691.9269385456605,85.23474033490973,train,ForgeGuard physics-informed generator,12000.0,2048,0.170666667,0.170583333,train/inner_race/FGOE-04-0016__inner_race.csv,e69188bc05e825f880add573532cce17a22feeb4a6cc38cd3d958d0da68dbaf5
FGOE-04-0017,SIM-RM-03,inner_race,0.5355593657918976,2348.743370066765,55.74534399078154,train,ForgeGuard physics-informed generator,12000.0,2048,0.170666667,0.170583333,train/inner_race/FGOE-04-0017__inner_race.csv,650dbfaef80f9e345a057ea0df9e08bc70ce60a77e0cc04d840a7f39e2e13ed0
FGOE-04-0018,SIM-RM-04,inner_race,0.948306026084042,1486.8212780296262,75.24103507361235,train,ForgeGuard physics-informed generator,12000.0,2048,0.170666667,0.170583333,train/inner_race/FGOE-04-0018__inner_race.csv,cb92d6a5a7ddafcbbe12372da6eab554f645262d3ff7174374084ce70b0203a4
FGOE-04-0019,SIM-RM-05,inner_race,0.5246583650452558,2050.8810101206586,76.66489882893603,train,ForgeGuard physics-informed generator,12000.0,2048,0.170666667,0.170583333,train/inner_race/FGOE-04-0019__inner_race.csv,7ccd662353ebaa54c916c9719c773b5a9359c6380e11bf797ab34c1dfb242a36
FGOE-04-0020,SIM-RM-06,inner_race,0.34405683931914305,2265.2987602855546,69.78416172912446,train,ForgeGuard physics-informed generator,12000.0,2048,0.170666667,0.170583333,train/inner_race/FGOE-04-0020__inner_race.csv,034737c6f928fdf5a781d7d9d12628e73879d8396929919553f65f8551912e7e
FGOE-04-0021,SIM-RM-07,inner_race,0.39138532638214707,1715.3784631991334,39.701666819343686,train,ForgeGuard physics-informed generator,12000.0,2048,0.170666667,0.170583333,train/inner_race/FGOE-04-0021__inner_race.csv,641ee8d95c76c5a63bd2482bd08e51b3d67dd82f0be9e1675487eed1913153d1
FGOE-04-0022,SIM-RM-08,inner_race,0.694178185466258,1367.6687809999123,66.72959415501144,train,ForgeGuard physics-informed generator,12000.0,2048,0.170666667,0.170583333,train/inner_race/FGOE-04-0022__inner_race.csv,fc02a8a1ac6b963dfc526f26c88d3c5e4aaeca7c6fa9bc38fd4e8bbe54d38db6
FGOE-04-0023,SIM-RM-09,inner_race,0.9214464909912031,1693.2924623789077,64.4267240053694,validation,ForgeGuard physics-informed generator,12000.0,2048,0.170666667,0.170583333,validation/inner_race/FGOE-04-0023__inner_race.csv,46d44ed192b5fb200309380288106ac78c2f518e0158af171d960f553a75a7b8
FGOE-04-0024,SIM-RM-10,inner_race,0.4491786125782776,2101.9631215749155,72.85996458614659,validation,ForgeGuard physics-informed generator,12000.0,2048,0.170666667,0.170583333,validation/inner_race/FGOE-04-0024__inner_race.csv,05a38d35944e11dd3b14521507b147b993935f75a3dc79f9c5d72fd809ced25f
FGOE-04-0025,SIM-RM-11,inner_race,0.47773991136167393,2246.996798772995,51.456798181646164,test,ForgeGuard physics-informed generator,12000.0,2048,0.170666667,0.170583333,test/inner_race/FGOE-04-0025__inner_race.csv,f23df34c0673c4885080b02dd05691f66fcda6063f730d45d7c88554dc1e61c6
FGOE-04-0026,SIM-RM-12,inner_race,0.7696225645925836,2259.0648144229485,72.06794386995506,test,ForgeGuard physics-informed generator,12000.0,2048,0.170666667,0.170583333,test/inner_race/FGOE-04-0026__inner_race.csv,28b904f6eda9a021788fbd1a833ecfa11c494ab897d205cb77bbfa3dc618a396
FGOE-04-0027,SIM-RM-13,inner_race,0.45956830406037785,1940.744794163766,80.74074463066466,test,ForgeGuard physics-informed generator,12000.0,2048,0.170666667,0.170583333,test/inner_race/FGOE-04-0027__inner_race.csv,fbedf9ff5aa7481430881fbd6030d501e8c0516061b0dd157428243bf5962b9e
FGOE-04-0028,SIM-RM-00,inner_race,0.35880909485839574,1591.3720616266628,57.57446430180657,train,ForgeGuard physics-informed generator,12000.0,2048,0.170666667,0.170583333,train/inner_race/FGOE-04-0028__inner_race.csv,bb6ceda734f5f99c25be9fa8ce4ed897dff348dffb984b6d59a89381d952e2b8
FGOE-04-0029,SIM-RM-01,inner_race,0.6430425760900692,2224.3143652908075,54.82728532750799,train,ForgeGuard physics-informed generator,12000.0,2048,0.170666667,0.170583333,train/inner_race/FGOE-04-0029__inner_race.csv,557aa0a3e2c9bb4238946f6b09526980c887f251b58ead2a0cfe263d337c062f
FGOE-04-0030,SIM-RM-02,inner_race,0.556870381008935,2141.974425141374,89.86768765629995,train,ForgeGuard physics-informed generator,12000.0,2048,0.170666667,0.170583333,train/inner_race/FGOE-04-0030__inner_race.csv,ba865b027b5822e38c5b14099f2ee9592fba64a71965bc26864a9afb65c3dbbb
FGOE-04-0031,SIM-RM-03,inner_race,0.7222182338853168,1826.2573085867257,104.62912242545174,train,ForgeGuard physics-informed generator,12000.0,2048,0.170666667,0.170583333,train/inner_race/FGOE-04-0031__inner_race.csv,7fc63ff092088cf9a7299c5499c5120b1090f7d72cfca3c355b3d4db90378568
FGOE-04-0032,SIM-RM-04,inner_race,0.8013128853605374,2164.6384431178826,98.17877784534623,train,ForgeGuard physics-informed generator,12000.0,2048,0.170666667,0.170583333,train/inner_race/FGOE-04-0032__inner_race.csv,917e56512cd3222be50c11f95162f36ecd7ea7966c390789872c7bd8d4348d25
FGOE-04-0033,SIM-RM-05,inner_race,0.3213259101201814,1535.1793449535676,74.35195136163006,train,ForgeGuard physics-informed generator,12000.0,2048,0.170666667,0.170583333,train/inner_race/FGOE-04-0033__inner_race.csv,125462432903160fd54ab4ff148000e7c3ff760a7729fa7ebd9888948006bd1f
FGOE-04-0034,SIM-RM-06,inner_race,0.6089124450100779,2002.9221265639985,101.87445997314677,train,ForgeGuard physics-informed generator,12000.0,2048,0.170666667,0.170583333,train/inner_race/FGOE-04-0034__inner_race.csv,8a096f0e23c4f87c6e9968ef07b30ec4e8dfb38d8419941dbfcd42c74ee2c6ef
FGOE-04-0035,SIM-RM-07,inner_race,0.9218421656304542,1782.9724928677672,37.50899259927142,train,ForgeGuard physics-informed generator,12000.0,2048,0.170666667,0.170583333,train/inner_race/FGOE-04-0035__inner_race.csv,fc18eff369164736ebdb102ab9054f74c7d789e9c21146b617a15c52a88a82be
FGOE-04-0036,SIM-RM-08,inner_race,0.4222466280534569,1453.0026841301587,37.875536531339286,train,ForgeGuard physics-informed generator,12000.0,2048,0.170666667,0.170583333,train/inner_race/FGOE-04-0036__inner_race.csv,6892f5abe383c2c3399a4babccdca9aedc5270ce2c902d75c8ddd0c321440a58
FGOE-04-0037,SIM-RM-09,inner_race,0.6112614608799787,1415.5304339183824,66.85824896882336,validation,ForgeGuard physics-informed generator,12000.0,2048,0.170666667,0.170583333,validation/inner_race/FGOE-04-0037__inner_race.csv,e05021f7803b5ae90cafea48a1e7d9162b2d7d398980a306df40940c08b98bf3
FGOE-04-0038,SIM-RM-10,inner_race,0.3281202577744587,1662.569949028584,38.56723378024202,validation,ForgeGuard physics-informed generator,12000.0,2048,0.170666667,0.170583333,validation/inner_race/FGOE-04-0038__inner_race.csv,4ea8fa4c63e3d7c9f19bd45ba14f69253d89cb784bd3e7379d965c64a2edc542
FGOE-04-0039,SIM-RM-11,inner_race,0.7387328079269393,1734.5043779899281,39.23699155785753,test,ForgeGuard physics-informed generator,12000.0,2048,0.170666667,0.170583333,test/inner_race/FGOE-04-0039__inner_race.csv,82646e49f6b89511c61ea6a8e1349757fd6f8706b9f60be166662683a8c7ea69
FGOE-04-0040,SIM-RM-12,inner_race,0.5258880440246683,1557.020541524812,56.145009814854696,test,ForgeGuard physics-informed generator,12000.0,2048,0.170666667,0.170583333,test/inner_race/FGOE-04-0040__inner_race.csv,409bbeb02b35a2d134f13fc948e3ecc2f8295a75608b427721d019e746480d88
FGOE-04-0041,SIM-RM-13,inner_race,0.3284492596990883,1766.609633069148,35.11624953723604,test,ForgeGuard physics-informed generator,12000.0,2048,0.170666667,0.170583333,test/inner_race/FGOE-04-0041__inner_race.csv,b975173dac185e2f20ae5c744f0c487446952ac9705a63de5166b2ce5095253b
FGOE-04-0042,SIM-RM-00,inner_race,0.6057171490690125,2212.764563740878,35.08631437583357,train,ForgeGuard physics-informed generator,12000.0,2048,0.170666667,0.170583333,train/inner_race/FGOE-04-0042__inner_race.csv,fb6a4c650b4f7b8197ad773befd204158e3dc1dec6a9ae53898543ed18038dbe
FGOE-04-0043,SIM-RM-01,inner_race,0.5519289141025148,1839.502006507208,58.31659127074465,train,ForgeGuard physics-informed generator,12000.0,2048,0.170666667,0.170583333,train/inner_race/FGOE-04-0043__inner_race.csv,2e57f20e4dfc92cf6157055313ff8d8b17291aae5e54ba54e4413b19e1df9f2e
FGOE-04-0044,SIM-RM-02,inner_race,0.432243980390675,2130.5811375265844,93.88425943504694,train,ForgeGuard physics-informed generator,12000.0,2048,0.170666667,0.170583333,train/inner_race/FGOE-04-0044__inner_race.csv,f6e0880c1943608fa587c867fe8b18a5483db39ab05936f14c4742684d277699
FGOE-04-0045,SIM-RM-03,inner_race,0.5859043803857455,1672.49044096773,51.97379971198329,train,ForgeGuard physics-informed generator,12000.0,2048,0.170666667,0.170583333,train/inner_race/FGOE-04-0045__inner_race.csv,1293f6e62865be827589f63f56eab5147988dee201cc5a9b8fe5d48ce4a02d4d
FGOE-04-0046,SIM-RM-04,inner_race,0.4815150194384067,2033.2583576588129,50.97770128243944,train,ForgeGuard physics-informed generator,12000.0,2048,0.170666667,0.170583333,train/inner_race/FGOE-04-0046__inner_race.csv,16ef8493133eaf529836fa5934d3928cc013233e02eae680d4ba2a270157167f
FGOE-04-0047,SIM-RM-05,inner_race,0.5725387236676963,2280.3846175891504,38.399850289287066,train,ForgeGuard physics-informed generator,12000.0,2048,0.170666667,0.170583333,train/inner_race/FGOE-04-0047__inner_race.csv,f9756dca419fa520e58cea7ed7de7190f7c759b39affa0f1937aed08cedcd83d
FGOE-04-0048,SIM-RM-06,inner_race,0.2831618140038373,2061.558041596778,45.53178080902318,train,ForgeGuard physics-informed generator,12000.0,2048,0.170666667,0.170583333,train/inner_race/FGOE-04-0048__inner_race.csv,06de01058c08bf2418d6c375bc55f169ddc7b5e62c7df4072a7daf540a2a32da
FGOE-04-0049,SIM-RM-07,inner_race,0.2564818472747864,1488.2053716385308,99.3176235471478,train,ForgeGuard physics-informed generator,12000.0,2048,0.170666667,0.170583333,train/inner_race/FGOE-04-0049__inner_race.csv,4bcf6480345994baeb36edc569d4745dca8ddbc55f8e0f3ce7f9b0954a3cbe07
FGOE-04-0050,SIM-RM-08,inner_race,0.3274406272935423,1538.3219748113518,37.18984590311512,train,ForgeGuard physics-informed generator,12000.0,2048,0.170666667,0.170583333,train/inner_race/FGOE-04-0050__inner_race.csv,828e2205ae6dc4a183e6ce50fa0d730f953394c83599f0421152be95a334a56c
FGOE-04-0051,SIM-RM-09,inner_race,0.6484484353014737,1970.1492866282963,51.91472361173601,validation,ForgeGuard physics-informed generator,12000.0,2048,0.170666667,0.170583333,validation/inner_race/FGOE-04-0051__inner_race.csv,3665221f4165b27292da0e82f79f516611e13dd861a8ed18edb4d6cc6f3b483d
FGOE-04-0052,SIM-RM-10,inner_race,0.25331897503831174,1940.1953827661262,94.46047331628453,validation,ForgeGuard physics-informed generator,12000.0,2048,0.170666667,0.170583333,validation/inner_race/FGOE-04-0052__inner_race.csv,969931e14ff45cf1500a4f7aa106c9c47a6897a165814f5a83ff07732d2c5143
FGOE-04-0053,SIM-RM-11,inner_race,0.3639204402734703,2203.369459342367,78.33833604988817,test,ForgeGuard physics-informed generator,12000.0,2048,0.170666667,0.170583333,test/inner_race/FGOE-04-0053__inner_race.csv,a566a460ddf4c98a4eaae0b24ab6a37439570599fa65bb4ed1c6ee3e09965aea
FGOE-04-0054,SIM-RM-12,inner_race,0.42798443862791014,2122.937388135284,94.88440792534101,test,ForgeGuard physics-informed generator,12000.0,2048,0.170666667,0.170583333,test/inner_race/FGOE-04-0054__inner_race.csv,840a1484de9e96b18b7c88c1f86e6c95bbfc77656d0d09af0f7b161db82d4447
FGOE-04-0055,SIM-RM-13,inner_race,0.672397118033325,2268.793680902681,66.81202012090606,test,ForgeGuard physics-informed generator,12000.0,2048,0.170666667,0.170583333,test/inner_race/FGOE-04-0055__inner_race.csv,09804050ec98fe1395510f92199ff6783dd08913a446c4e547467c5fdcf19a73
FGOE-05-0000,SIM-RM-00,ball,0.819211542074079,2334.6495336176436,60.30752550474395,train,ForgeGuard physics-informed generator,12000.0,2048,0.170666667,0.170583333,train/ball/FGOE-05-0000__ball.csv,58c62e95141b0f1a440ce8a43e5143d9109455a1e7e4643830fa41780a0516aa
FGOE-05-0001,SIM-RM-01,ball,0.6705137432038497,1668.3991178284596,90.94494655690437,train,ForgeGuard physics-informed generator,12000.0,2048,0.170666667,0.170583333,train/ball/FGOE-05-0001__ball.csv,d203f52668802ca8d7f56ec7a1d5232d8256f2782a66c2ff28f5978688dbad3d
FGOE-05-0002,SIM-RM-02,ball,0.4723449440544931,1566.3556952254014,63.98182656524655,train,ForgeGuard physics-informed generator,12000.0,2048,0.170666667,0.170583333,train/ball/FGOE-05-0002__ball.csv,8f3642aa4b2c1590dbd18ad8ec341c434745443a25bcfcabd7512fd7b4db0d5e
FGOE-05-0003,SIM-RM-03,ball,0.4925350587850266,1428.1083930803638,37.08843390697882,train,ForgeGuard physics-informed generator,12000.0,2048,0.170666667,0.170583333,train/ball/FGOE-05-0003__ball.csv,8b66cb70a3954b69206d95e3d243eaea8f86945eeee2151e041d63ef03f0666f
FGOE-05-0004,SIM-RM-04,ball,0.7576283245956081,1369.0341478174867,46.58414303072425,train,ForgeGuard physics-informed generator,12000.0,2048,0.170666667,0.170583333,train/ball/FGOE-05-0004__ball.csv,a0a71f7a88944a00cfcaa4c9ceb3c5fa55b4f70e07e32280ea9745648f7c688a
FGOE-05-0005,SIM-RM-05,ball,0.47200721979098514,2058.091235683588,86.70062705201678,train,ForgeGuard physics-informed generator,12000.0,2048,0.170666667,0.170583333,train/ball/FGOE-05-0005__ball.csv,a5ea72cc372822a191b74eb9e4901c2b7e0dd198f4396bf2bc70831e588ddec8
FGOE-05-0006,SIM-RM-06,ball,0.33821843922263856,2240.0194571176953,76.56813836199133,train,ForgeGuard physics-informed generator,12000.0,2048,0.170666667,0.170583333,train/ball/FGOE-05-0006__ball.csv,7a901a9543130d69adbcd9bbe5453278297809b9cbdf1fa0ac31d8f78b03b407
FGOE-05-0007,SIM-RM-07,ball,0.3710607555094546,1493.7186614555342,83.5166798850791,train,ForgeGuard physics-informed generator,12000.0,2048,0.170666667,0.170583333,train/ball/FGOE-05-0007__ball.csv,f133784bd1e70217152583449b802afb80748dfbf77c418428999a81122f01bc
FGOE-05-0008,SIM-RM-08,ball,0.25280532331333766,1857.2927015820433,104.42421331500975,train,ForgeGuard physics-informed generator,12000.0,2048,0.170666667,0.170583333,train/ball/FGOE-05-0008__ball.csv,339f055fbfa9d40f4d0be45f331403d5b8bb093a419a6eef388091e4b613b729
FGOE-05-0009,SIM-RM-09,ball,0.6592471838939158,1366.579801897557,104.51592073513545,validation,ForgeGuard physics-informed generator,12000.0,2048,0.170666667,0.170583333,validation/ball/FGOE-05-0009__ball.csv,dbc0ef24ac54dacb3ebee90432c0f17502e56c3ad2a2a7c1560b018008e72d82
FGOE-05-0010,SIM-RM-10,ball,0.8662662100893845,1476.9099755185132,97.81115398278655,validation,ForgeGuard physics-informed generator,12000.0,2048,0.170666667,0.170583333,validation/ball/FGOE-05-0010__ball.csv,f7221ae6ddb5bd6938eaff9fc36375f3ba55a31d0d0c80c10c9b6c92f847635a
FGOE-05-0011,SIM-RM-11,ball,0.4412310340506134,1886.2004131113754,78.52544209025297,test,ForgeGuard physics-informed generator,12000.0,2048,0.170666667,0.170583333,test/ball/FGOE-05-0011__ball.csv,fdc8a27e186806149dfa63f5066e5754acc217f914b60da6dfeba2a2a776fcd1
FGOE-05-0012,SIM-RM-12,ball,0.4563286352419341,1400.5196963720052,76.6197326223605,test,ForgeGuard physics-informed generator,12000.0,2048,0.170666667,0.170583333,test/ball/FGOE-05-0012__ball.csv,f409a77db587b7cca6f079918d18821b259746df780158882d14d6a2b7cb14af
FGOE-05-0013,SIM-RM-13,ball,0.2627123807400548,2013.621046660352,93.53716237898209,test,ForgeGuard physics-informed generator,12000.0,2048,0.170666667,0.170583333,test/ball/FGOE-05-0013__ball.csv,c3b85ddc705564f0316ab887cb8a6a82a2bef4f10b20c421ba03ee13e6d6ba9f
FGOE-05-0014,SIM-RM-00,ball,0.8617219485326609,1945.7137746857275,51.18963777807966,train,ForgeGuard physics-informed generator,12000.0,2048,0.170666667,0.170583333,train/ball/FGOE-05-0014__ball.csv,f2a61af081530d33ce64c1f03a70bc2724561e96813086e89f33c2e724451cee
FGOE-05-0015,SIM-RM-01,ball,0.6374785880627281,1603.6645065618286,77.75390932647929,train,ForgeGuard physics-informed generator,12000.0,2048,0.170666667,0.170583333,train/ball/FGOE-05-0015__ball.csv,88f8196a2db4ebad2523efac6974406b592134c9afbb1826199dc4bc8573bbc4
FGOE-05-0016,SIM-RM-02,ball,0.7580387443008036,1746.1665000592488,82.43345345198559,train,ForgeGuard physics-informed generator,12000.0,2048,0.170666667,0.170583333,train/ball/FGOE-05-0016__ball.csv,47f0e727f8e06662fc3f5dfc66c199c39d65a9552346b22fc3900c1761e0f128
FGOE-05-0017,SIM-RM-03,ball,0.9383919531950563,1916.9377953193869,88.08955660293279,train,ForgeGuard physics-informed generator,12000.0,2048,0.170666667,0.170583333,train/ball/FGOE-05-0017__ball.csv,336c2ccb7c9cfa77967a5c8d7d436f0d418ed5b7523ffcd028abfd1d29e86181
FGOE-05-0018,SIM-RM-04,ball,0.2587289145588493,1769.2723879008051,71.02081363198715,train,ForgeGuard physics-informed generator,12000.0,2048,0.170666667,0.170583333,train/ball/FGOE-05-0018__ball.csv,e875d6b5144ff78b6537687a1353440dd62e01b060d2031b2fafd6d9f649e8d4
FGOE-05-0019,SIM-RM-05,ball,0.5355730012523956,2146.0285563103785,71.41610469321957,train,ForgeGuard physics-informed generator,12000.0,2048,0.170666667,0.170583333,train/ball/FGOE-05-0019__ball.csv,a163c835fdb965e57a891afcf16528fbc2ee6d978ac56f4e81b2f7ddf0b61a18
FGOE-05-0020,SIM-RM-06,ball,0.5265050680283895,1444.071963089396,97.27594951727781,train,ForgeGuard physics-informed generator,12000.0,2048,0.170666667,0.170583333,train/ball/FGOE-05-0020__ball.csv,c01d2498f138e3ee8572b6937e9026e16881cb1f963302360740606694c9b714
FGOE-05-0021,SIM-RM-07,ball,0.9230847406787227,2032.5815982092204,45.45619094577056,train,ForgeGuard physics-informed generator,12000.0,2048,0.170666667,0.170583333,train/ball/FGOE-05-0021__ball.csv,d2e1128b5bc195ff5836b8db1e7df6128226291fbac1f9779bbd65262510822b
FGOE-05-0022,SIM-RM-08,ball,0.8512880023903996,1528.4417618218308,48.96793950296433,train,ForgeGuard physics-informed generator,12000.0,2048,0.170666667,0.170583333,train/ball/FGOE-05-0022__ball.csv,70e70d66a067e0076cf090923a40fbbc73b866b4ebdac51d763970085d8fe3f7
FGOE-05-0023,SIM-RM-09,ball,0.5788606217223795,2262.5827441419315,49.8503185266311,validation,ForgeGuard physics-informed generator,12000.0,2048,0.170666667,0.170583333,validation/ball/FGOE-05-0023__ball.csv,f5d9f79b2a92503d85bd9f3837143c4a27a9155a9434da2d25dad8edbf68af4e
FGOE-05-0024,SIM-RM-10,ball,0.5153368865261136,2083.49490456283,96.48560136675611,validation,ForgeGuard physics-informed generator,12000.0,2048,0.170666667,0.170583333,validation/ball/FGOE-05-0024__ball.csv,057c9f6209ce0b925544fab3712d2f40388c1a660bc7b449a07b2be312b49bbd
FGOE-05-0025,SIM-RM-11,ball,0.7617951836569568,1867.019486849429,86.92014873638144,test,ForgeGuard physics-informed generator,12000.0,2048,0.170666667,0.170583333,test/ball/FGOE-05-0025__ball.csv,59b0b00ff5af6ecb990fa642fc84c843ff4ce37a287f75e955a5cd2719ad0907
FGOE-05-0026,SIM-RM-12,ball,0.32323056776334264,2132.9601300260847,74.89536730490684,test,ForgeGuard physics-informed generator,12000.0,2048,0.170666667,0.170583333,test/ball/FGOE-05-0026__ball.csv,0b449b1c1a8a16696baf2b043e86fe30ce4836b12789fb2012278d63e525228a
FGOE-05-0027,SIM-RM-13,ball,0.8086682050728331,2253.9732908780397,95.59007775247197,test,ForgeGuard physics-informed generator,12000.0,2048,0.170666667,0.170583333,test/ball/FGOE-05-0027__ball.csv,7c21663d94bef15b6556078f02c26b552fe4f9e8a0ac688b92b836aa2db67781
FGOE-05-0028,SIM-RM-00,ball,0.7705202555753563,1449.8624771607294,49.30781569570004,train,ForgeGuard physics-informed generator,12000.0,2048,0.170666667,0.170583333,train/ball/FGOE-05-0028__ball.csv,e35cdc8e2f79022b3f75e7605fdc4f3e3c443b3951b6078c497be49417e243ca
FGOE-05-0029,SIM-RM-01,ball,0.5140012762489765,1373.1400945819464,103.54572435950958,train,ForgeGuard physics-informed generator,12000.0,2048,0.170666667,0.170583333,train/ball/FGOE-05-0029__ball.csv,3272116e797b36b21b18583b5147ece51167f9f5ab7d82448c2f51a2c9811acf
FGOE-05-0030,SIM-RM-02,ball,0.5262409217050575,2069.3125336908233,97.12997619416304,train,ForgeGuard physics-informed generator,12000.0,2048,0.170666667,0.170583333,train/ball/FGOE-05-0030__ball.csv,ace02972003537bd3c07948f5b46817a4813d8b3205ad3e7b825358e250cc05d
FGOE-05-0031,SIM-RM-03,ball,0.6566925616236354,1669.132488599666,77.61187902287728,train,ForgeGuard physics-informed generator,12000.0,2048,0.170666667,0.170583333,train/ball/FGOE-05-0031__ball.csv,81bd20e338f4b3e783ebb527e334f157adcd7af84a4d785dc44da15cf0cc2e69
FGOE-05-0032,SIM-RM-04,ball,0.9047669586965463,1759.1399776247972,77.1242329107396,train,ForgeGuard physics-informed generator,12000.0,2048,0.170666667,0.170583333,train/ball/FGOE-05-0032__ball.csv,25260ad06ada384ac67ffa424f0eaaa8b8ae68ba82f5bc39a86b5938b6cc0dff
FGOE-05-0033,SIM-RM-05,ball,0.5140441880181027,1817.6402566265965,48.77195265254419,train,ForgeGuard physics-informed generator,12000.0,2048,0.170666667,0.170583333,train/ball/FGOE-05-0033__ball.csv,f4681a8db422f05c9ae8e36b69d540f6ba96b435aac4ac8eacdd46f521e1a115
FGOE-05-0034,SIM-RM-06,ball,0.36401005038818846,1744.1069825931186,44.17760851183539,train,ForgeGuard physics-informed generator,12000.0,2048,0.170666667,0.170583333,train/ball/FGOE-05-0034__ball.csv,548bf26c5386ac17e22adee02b6f09d78875bd4079fc0127d67cec47d27895e1
FGOE-05-0035,SIM-RM-07,ball,0.9184288742990653,2034.562073393677,58.76344279462319,train,ForgeGuard physics-informed generator,12000.0,2048,0.170666667,0.170583333,train/ball/FGOE-05-0035__ball.csv,c9018c4da5875d2f8ff0fda1bbfa68c98c568175dd486c2d4d2b33930f51650c
FGOE-05-0036,SIM-RM-08,ball,0.7774531941001805,1593.5967453586074,41.92471535733756,train,ForgeGuard physics-informed generator,12000.0,2048,0.170666667,0.170583333,train/ball/FGOE-05-0036__ball.csv,6e4ae6e23106b3e43093601de7223bc4c415e421bde6d3ca748e956dba03e9e2
FGOE-05-0037,SIM-RM-09,ball,0.39146167115183456,2231.0360519178703,54.46793498100415,validation,ForgeGuard physics-informed generator,12000.0,2048,0.170666667,0.170583333,validation/ball/FGOE-05-0037__ball.csv,c14aad111e094c88520d9009f6b537afacc8e07fea65f0bc0360dc2474f9298b
FGOE-05-0038,SIM-RM-10,ball,0.5778916488727397,1535.7661348710872,71.54086109565586,validation,ForgeGuard physics-informed generator,12000.0,2048,0.170666667,0.170583333,validation/ball/FGOE-05-0038__ball.csv,46db9a99e627b384ba56c728f4df2149960d207cf45b8ca36a861c81d55af3cc
FGOE-05-0039,SIM-RM-11,ball,0.5870439382283965,1609.4398398545343,38.16211818925985,test,ForgeGuard physics-informed generator,12000.0,2048,0.170666667,0.170583333,test/ball/FGOE-05-0039__ball.csv,f233e7409af4462ec60abe00b83569e332658d0f8397a8a5084cf67b4b6543b4
FGOE-05-0040,SIM-RM-12,ball,0.5968545896400328,2309.332347635608,80.67634405268643,test,ForgeGuard physics-informed generator,12000.0,2048,0.170666667,0.170583333,test/ball/FGOE-05-0040__ball.csv,b7656919b0bda0c17c9d31b945edb95b63e4bb94dac254ad611d4be24d6cbeae
FGOE-05-0041,SIM-RM-13,ball,0.4563417647021799,1460.6920740296162,52.67054033847111,test,ForgeGuard physics-informed generator,12000.0,2048,0.170666667,0.170583333,test/ball/FGOE-05-0041__ball.csv,8976e0cdcfafc1148bb42c703b2eecbe35eb9805c460fba825287f58853aba79
FGOE-05-0042,SIM-RM-00,ball,0.8811492974965068,2114.8035526072345,96.36975580852335,train,ForgeGuard physics-informed generator,12000.0,2048,0.170666667,0.170583333,train/ball/FGOE-05-0042__ball.csv,5305a1ac92fee23d25884f965cd826561f5e83f5376dc85c59a53452e59dd624
FGOE-05-0043,SIM-RM-01,ball,0.9170993929375869,2334.568608250754,103.76566781731727,train,ForgeGuard physics-informed generator,12000.0,2048,0.170666667,0.170583333,train/ball/FGOE-05-0043__ball.csv,60ae953bcc274ac7cfde6bb67568d2e1fa7b2d9043742a3d60fc3a98aaed0442
FGOE-05-0044,SIM-RM-02,ball,0.463126568533223,1421.8221405028844,44.645547514946365,train,ForgeGuard physics-informed generator,12000.0,2048,0.170666667,0.170583333,train/ball/FGOE-05-0044__ball.csv,57aa0d89a554c78b5a15398df4a1a105fc9fd9f24368d04511802a1f466c3df5
FGOE-05-0045,SIM-RM-03,ball,0.8420578704614997,1902.8982540644615,41.78845220938355,train,ForgeGuard physics-informed generator,12000.0,2048,0.170666667,0.170583333,train/ball/FGOE-05-0045__ball.csv,13dce52797b67e269db0a743a8da7a10e5f637c9318067975c47ada031e99ec3
FGOE-05-0046,SIM-RM-04,ball,0.3657179263571038,1966.756179077309,72.96550816115435,train,ForgeGuard physics-informed generator,12000.0,2048,0.170666667,0.170583333,train/ball/FGOE-05-0046__ball.csv,1e587612bafea16b8d141e7102b7481571db6331dcea229b325e0fff2ecce014
FGOE-05-0047,SIM-RM-05,ball,0.846353210456359,1603.2554744001973,46.22184174875807,train,ForgeGuard physics-informed generator,12000.0,2048,0.170666667,0.170583333,train/ball/FGOE-05-0047__ball.csv,6380395b91b1faa7c81329293128d5d37e0cd008ed0e143136cba38c71661fd0
FGOE-05-0048,SIM-RM-06,ball,0.457223004037018,1934.227860061218,86.45905992637434,train,ForgeGuard physics-informed generator,12000.0,2048,0.170666667,0.170583333,train/ball/FGOE-05-0048__ball.csv,b5b3ca09f8d0efd19caf04e8f0d5d2d046cca42175f537869111aa0c9778798b
FGOE-05-0049,SIM-RM-07,ball,0.7820104802208244,1721.2526370882772,63.339847509857364,train,ForgeGuard physics-informed generator,12000.0,2048,0.170666667,0.170583333,train/ball/FGOE-05-0049__ball.csv,90dee01666bd1dd763e4e6763ca8fedce118c23155bc7b32b448a4fbbf35ea95
FGOE-05-0050,SIM-RM-08,ball,0.9090771997166692,2122.352987674568,49.47694692598222,train,ForgeGuard physics-informed generator,12000.0,2048,0.170666667,0.170583333,train/ball/FGOE-05-0050__ball.csv,70e66ba0e60a1eb558402187b8d80cef333a4a784c2a083e95ca1662a5875055
FGOE-05-0051,SIM-RM-09,ball,0.3202769519548665,1470.6553374436864,97.72854576965412,validation,ForgeGuard physics-informed generator,12000.0,2048,0.170666667,0.170583333,validation/ball/FGOE-05-0051__ball.csv,4540ec7475186c5ca501f748e8be6d3730df365337b37bcdd739fcbb6763835f
FGOE-05-0052,SIM-RM-10,ball,0.3756444506422612,1614.5398111513111,94.253497524757,validation,ForgeGuard physics-informed generator,12000.0,2048,0.170666667,0.170583333,validation/ball/FGOE-05-0052__ball.csv,32c79ec98521a0fef045bce127202008e429595975df708b67e4299c939dd64a
FGOE-05-0053,SIM-RM-11,ball,0.42168128111624675,1763.56793130997,66.49015099608883,test,ForgeGuard physics-informed generator,12000.0,2048,0.170666667,0.170583333,test/ball/FGOE-05-0053__ball.csv,e07f5383e662a07f51717ec819fddeb2f0978f544e5057e1863b48293752f690
FGOE-05-0054,SIM-RM-12,ball,0.8622025978989002,2060.2452013359866,94.59342545815426,test,ForgeGuard physics-informed generator,12000.0,2048,0.170666667,0.170583333,test/ball/FGOE-05-0054__ball.csv,61a6f33db9260b23f67d98a3da4cef6c33de8cea259abe10b9ad589f03863ed9
FGOE-05-0055,SIM-RM-13,ball,0.423884482705956,1689.322145736561,72.15952760014702,test,ForgeGuard physics-informed generator,12000.0,2048,0.170666667,0.170583333,test/ball/FGOE-05-0055__ball.csv,0d042434df7ed94462d3dcf5c226d0afcfd518cf31ebde3dfc885f8013fc9740
FGOE-06-0000,SIM-RM-00,lubrication,0.9080133075652602,1594.7965015501454,46.28778439963469,train,ForgeGuard physics-informed generator,12000.0,2048,0.170666667,0.170583333,train/lubrication/FGOE-06-0000__lubrication.csv,efad116f3c7b5eb6515c4440a5e8c8caf64bff45397938571c35b3a2dc187dea
FGOE-06-0001,SIM-RM-01,lubrication,0.6123630649014102,2237.98882860558,89.41510993293846,train,ForgeGuard physics-informed generator,12000.0,2048,0.170666667,0.170583333,train/lubrication/FGOE-06-0001__lubrication.csv,24a89998536d908dc4d3335f6945338df903bb13051b7ea99cb38ca00b6deec7
FGOE-06-0002,SIM-RM-02,lubrication,0.6255976095039625,1840.6079155118719,72.08219663277487,train,ForgeGuard physics-informed generator,12000.0,2048,0.170666667,0.170583333,train/lubrication/FGOE-06-0002__lubrication.csv,0f741c4e96170764ed3394e539e4493615200fcdfcd6043df2509f439128b4b4
FGOE-06-0003,SIM-RM-03,lubrication,0.33796469700797516,1784.5630846976903,44.22283830244472,train,ForgeGuard physics-informed generator,12000.0,2048,0.170666667,0.170583333,train/lubrication/FGOE-06-0003__lubrication.csv,9d12cf2ebf09e2852408b04222da1437aacec4db590cbbf34bb8e5bf6f47d781
FGOE-06-0004,SIM-RM-04,lubrication,0.9172438674336322,2302.2497158456836,68.74215317104455,train,ForgeGuard physics-informed generator,12000.0,2048,0.170666667,0.170583333,train/lubrication/FGOE-06-0004__lubrication.csv,1398c0924f2e3e6869c413ffef0e777066d92fe1268277298df49f79e00f2239
FGOE-06-0005,SIM-RM-05,lubrication,0.39540207734607746,1513.57687771011,73.80915864279535,train,ForgeGuard physics-informed generator,12000.0,2048,0.170666667,0.170583333,train/lubrication/FGOE-06-0005__lubrication.csv,178d8505bf72364854765c834f4d5c0338a440f46286c6ae747307db297e9751
FGOE-06-0006,SIM-RM-06,lubrication,0.3332673175181479,1603.1846061266015,37.103820513282514,train,ForgeGuard physics-informed generator,12000.0,2048,0.170666667,0.170583333,train/lubrication/FGOE-06-0006__lubrication.csv,9486d0a2a2869baa7dc87ccdb677fb47bb93a56eaf85855353fd0aef257f142a
FGOE-06-0007,SIM-RM-07,lubrication,0.6756904483402141,2266.8484076291957,57.507309403763216,train,ForgeGuard physics-informed generator,12000.0,2048,0.170666667,0.170583333,train/lubrication/FGOE-06-0007__lubrication.csv,b985a271b06e18e2f9ee2e1ba3eb1bc0d2d3941253cad4d98b93731e937db0bb
FGOE-06-0008,SIM-RM-08,lubrication,0.6223202639422476,1815.014131989273,63.03158716716948,train,ForgeGuard physics-informed generator,12000.0,2048,0.170666667,0.170583333,train/lubrication/FGOE-06-0008__lubrication.csv,51d08fec7bc034dd9a2e311e43265ce5042997effea3e05ff8fb5185964e162b
FGOE-06-0009,SIM-RM-09,lubrication,0.822815508092704,1537.2389446153416,104.20227289637036,validation,ForgeGuard physics-informed generator,12000.0,2048,0.170666667,0.170583333,validation/lubrication/FGOE-06-0009__lubrication.csv,811f0315a1456e4fd111e24252f0deb9a690c11947352040de5266a9a78a2142
FGOE-06-0010,SIM-RM-10,lubrication,0.35701398548843516,2091.6146327315155,67.81315079097666,validation,ForgeGuard physics-informed generator,12000.0,2048,0.170666667,0.170583333,validation/lubrication/FGOE-06-0010__lubrication.csv,81520878de5b17e56548b45b3f55dfabda0b5e4256bd73d4d4ec577f0884e4a6
FGOE-06-0011,SIM-RM-11,lubrication,0.28507468278785364,2270.665858273568,58.897094716720936,test,ForgeGuard physics-informed generator,12000.0,2048,0.170666667,0.170583333,test/lubrication/FGOE-06-0011__lubrication.csv,4e2f88a9f87e122e58733d7201dd7b37e945c0bf4fcd0560a9f32ed449666930
FGOE-06-0012,SIM-RM-12,lubrication,0.6858961214917456,1692.4036768106287,90.6119921347119,test,ForgeGuard physics-informed generator,12000.0,2048,0.170666667,0.170583333,test/lubrication/FGOE-06-0012__lubrication.csv,7e53adae90634c05653b32580c28fde9601e250ab1d3f669525ee46dc9c9470a
FGOE-06-0013,SIM-RM-13,lubrication,0.3983682277563798,2100.83858474486,90.55447687036641,test,ForgeGuard physics-informed generator,12000.0,2048,0.170666667,0.170583333,test/lubrication/FGOE-06-0013__lubrication.csv,7e34a60439437bc3a460b3cba20eb2344bf29cf4f9f55b7efbdb2ded90ca0b02
FGOE-06-0014,SIM-RM-00,lubrication,0.6973095544849152,2273.7833160931805,65.65927220442609,train,ForgeGuard physics-informed generator,12000.0,2048,0.170666667,0.170583333,train/lubrication/FGOE-06-0014__lubrication.csv,9ea6b308f77e55db9be207c1859bbe6e8b5f48e16a1fe7b1478256a1b58646ff
FGOE-06-0015,SIM-RM-01,lubrication,0.44662747017490856,1352.308772586742,104.53579488878246,train,ForgeGuard physics-informed generator,12000.0,2048,0.170666667,0.170583333,train/lubrication/FGOE-06-0015__lubrication.csv,afe87666a0ce0823d6e1b41b7558ef26e786e77bf4d7814d4162f9b2e3155b5e
FGOE-06-0016,SIM-RM-02,lubrication,0.34032104002742924,1412.0631065401553,67.07834290755598,train,ForgeGuard physics-informed generator,12000.0,2048,0.170666667,0.170583333,train/lubrication/FGOE-06-0016__lubrication.csv,83d4d7a88671c39bb2f42530aea322c47c4bf042525279b8524483e81aa40a40
FGOE-06-0017,SIM-RM-03,lubrication,0.5250491740991632,1502.3267101575757,79.25979691211471,train,ForgeGuard physics-informed generator,12000.0,2048,0.170666667,0.170583333,train/lubrication/FGOE-06-0017__lubrication.csv,af6dbd4db285fad9eead22e4f2edb13ae415d4aa536aac43d140eb7d8b938718
FGOE-06-0018,SIM-RM-04,lubrication,0.7583260898687307,2271.852450154995,57.34095462256491,train,ForgeGuard physics-informed generator,12000.0,2048,0.170666667,0.170583333,train/lubrication/FGOE-06-0018__lubrication.csv,4b2b552b0185ba7b37bc5001c64e1d59c6a2d668ee4fa1cedebc31621d9080b6
FGOE-06-0019,SIM-RM-05,lubrication,0.6697867497011932,1811.0994301549076,81.19659107904951,train,ForgeGuard physics-informed generator,12000.0,2048,0.170666667,0.170583333,train/lubrication/FGOE-06-0019__lubrication.csv,a2f6af9e5cbd3f3580c4ddd7551ce82fcc4a41f42b0197dfeb430a0517b7433b
FGOE-06-0020,SIM-RM-06,lubrication,0.48989954992846907,1822.783972758998,101.5042766237106,train,ForgeGuard physics-informed generator,12000.0,2048,0.170666667,0.170583333,train/lubrication/FGOE-06-0020__lubrication.csv,b45cca046cd2a59b34357a8e28dce084e6ace7ba788042d10f816424956cc125
FGOE-06-0021,SIM-RM-07,lubrication,0.8422052929155361,1527.2355012492726,82.46658426158797,train,ForgeGuard physics-informed generator,12000.0,2048,0.170666667,0.170583333,train/lubrication/FGOE-06-0021__lubrication.csv,276e31d34b5b63472656b0d34b8cddc342aacc1949bb7b3f124212b2c6b23cc3
FGOE-06-0022,SIM-RM-08,lubrication,0.8747413827811283,1390.2537399399237,66.47428818958764,train,ForgeGuard physics-informed generator,12000.0,2048,0.170666667,0.170583333,train/lubrication/FGOE-06-0022__lubrication.csv,2c9a126431c64bf790d19ee42e9d60ae1b7232fd4e12559240394367b75e0af1
FGOE-06-0023,SIM-RM-09,lubrication,0.6219896681180705,2099.6186189228674,104.42654015483397,validation,ForgeGuard physics-informed generator,12000.0,2048,0.170666667,0.170583333,validation/lubrication/FGOE-06-0023__lubrication.csv,ea2d28a212a49b254c74013532cd1d79737b5ad0a253cab08e46368db0522276
FGOE-06-0024,SIM-RM-10,lubrication,0.9132749197661946,2009.9957188011513,56.17361967965497,validation,ForgeGuard physics-informed generator,12000.0,2048,0.170666667,0.170583333,validation/lubrication/FGOE-06-0024__lubrication.csv,2f5c00ab76dab79570c841e1c1e5208e685997d34ee3e5f5998636e0b900c2ec
FGOE-06-0025,SIM-RM-11,lubrication,0.5321981428833573,1716.3354885565363,86.695749888064,test,ForgeGuard physics-informed generator,12000.0,2048,0.170666667,0.170583333,test/lubrication/FGOE-06-0025__lubrication.csv,5e0a821225ae7de8eec42bd5ad7a9e7625a02e4f7ad0c0739128db911d0c2512
FGOE-06-0026,SIM-RM-12,lubrication,0.606253906225948,1911.8189300629992,85.38477745150823,test,ForgeGuard physics-informed generator,12000.0,2048,0.170666667,0.170583333,test/lubrication/FGOE-06-0026__lubrication.csv,af232da147fcbc09deceb8b65f6d0dfbb00011504ce3144c5304795581360b5e
FGOE-06-0027,SIM-RM-13,lubrication,0.7029502587003276,2257.0863269095084,64.35106915494671,test,ForgeGuard physics-informed generator,12000.0,2048,0.170666667,0.170583333,test/lubrication/FGOE-06-0027__lubrication.csv,52a08b838d6b1ba28356e87825c24dae0a6a43403bf7db98f062d49a35ad7a0e
FGOE-06-0028,SIM-RM-00,lubrication,0.5580350757634867,1692.3624333000541,63.57096677617091,train,ForgeGuard physics-informed generator,12000.0,2048,0.170666667,0.170583333,train/lubrication/FGOE-06-0028__lubrication.csv,d3ca2bedff9b73294f262e81f53a66f3540a20a7ed93d7db5ae0229d4bb6bbba
FGOE-06-0029,SIM-RM-01,lubrication,0.7172429462027305,1475.8070183122852,41.42065753413047,train,ForgeGuard physics-informed generator,12000.0,2048,0.170666667,0.170583333,train/lubrication/FGOE-06-0029__lubrication.csv,bf7dfc96b49edc8afd4a229d5d9461f7997a085573fe07eb33d2ac5764ca7552
FGOE-06-0030,SIM-RM-02,lubrication,0.26383651173988415,2005.5177383430523,81.40367999470666,train,ForgeGuard physics-informed generator,12000.0,2048,0.170666667,0.170583333,train/lubrication/FGOE-06-0030__lubrication.csv,d533d083f6fe6974a7111907f1c0848ef0b3151cd8f489f34e9fab7cd699755a
FGOE-06-0031,SIM-RM-03,lubrication,0.7947059957808086,1676.5468426717798,48.84668930814378,train,ForgeGuard physics-informed generator,12000.0,2048,0.170666667,0.170583333,train/lubrication/FGOE-06-0031__lubrication.csv,f83f1014d20e084ff347d44d07a5e2b6263fef0114ec347b4aaf9ec7b76ea559
FGOE-06-0032,SIM-RM-04,lubrication,0.7174944111935904,2210.63040139613,52.26762640583031,train,ForgeGuard physics-informed generator,12000.0,2048,0.170666667,0.170583333,train/lubrication/FGOE-06-0032__lubrication.csv,30856d780a630d62372610229cb492b52e14da709791ddd2a82d1551855ceb4c
FGOE-06-0033,SIM-RM-05,lubrication,0.3470581473633937,1479.3628034582744,54.26067679211994,train,ForgeGuard physics-informed generator,12000.0,2048,0.170666667,0.170583333,train/lubrication/FGOE-06-0033__lubrication.csv,ebc4b3de22ac51ca4d41d593005e8c50f69da991f0a144badab0502ba3c4ea03
FGOE-06-0034,SIM-RM-06,lubrication,0.8872288371296767,1633.5207665992293,82.23155831444944,train,ForgeGuard physics-informed generator,12000.0,2048,0.170666667,0.170583333,train/lubrication/FGOE-06-0034__lubrication.csv,5b7164444d681c91733e87467951fcef4b99c5569998da885c6bacb5444d5fb2
FGOE-06-0035,SIM-RM-07,lubrication,0.7409737708704025,1552.522407924186,72.94553244655035,train,ForgeGuard physics-informed generator,12000.0,2048,0.170666667,0.170583333,train/lubrication/FGOE-06-0035__lubrication.csv,5979e3e3309220491c1e04540b6091d7066249e4f286c9dd31e4b1ba9695b273
FGOE-06-0036,SIM-RM-08,lubrication,0.4285748517191665,2302.922468485566,77.70423380210217,train,ForgeGuard physics-informed generator,12000.0,2048,0.170666667,0.170583333,train/lubrication/FGOE-06-0036__lubrication.csv,11f466b930ac3afe84c2a1420c467e66f26084f69a3c937f04e17e35d35f1a4f
FGOE-06-0037,SIM-RM-09,lubrication,0.9332898734841953,1975.4781569139363,57.43438131746113,validation,ForgeGuard physics-informed generator,12000.0,2048,0.170666667,0.170583333,validation/lubrication/FGOE-06-0037__lubrication.csv,66ef544e637e967e52a96a127feecf00f0c7f7a7ba6d6b7c8a5ef5dce82cc9ff
FGOE-06-0038,SIM-RM-10,lubrication,0.2662593076427309,1749.676135163637,82.979940453271,validation,ForgeGuard physics-informed generator,12000.0,2048,0.170666667,0.170583333,validation/lubrication/FGOE-06-0038__lubrication.csv,89bb8650feffe05d95192b137210224ee4ad2ba1fa369c6116077e9b71f23d22
FGOE-06-0039,SIM-RM-11,lubrication,0.677159211103272,1750.0614461347554,96.25753293257581,test,ForgeGuard physics-informed generator,12000.0,2048,0.170666667,0.170583333,test/lubrication/FGOE-06-0039__lubrication.csv,629a02a2e32b2a21f183d8468e47483f3f4371b85755d393d56569536b46e57e
FGOE-06-0040,SIM-RM-12,lubrication,0.8477890633030604,1793.9428863959763,100.51562496050082,test,ForgeGuard physics-informed generator,12000.0,2048,0.170666667,0.170583333,test/lubrication/FGOE-06-0040__lubrication.csv,00770eb5b0e376ef6fc7917eb58c047d1a9cf7a3dbf3471ffd6361ee8d4ccb18
FGOE-06-0041,SIM-RM-13,lubrication,0.5928769792647239,1672.2156738229382,73.11838814289376,test,ForgeGuard physics-informed generator,12000.0,2048,0.170666667,0.170583333,test/lubrication/FGOE-06-0041__lubrication.csv,67b826893637f26e67a013c61d2d30c68fc3bd5721b859f24133978f2e981701
FGOE-06-0042,SIM-RM-00,lubrication,0.42094350053612173,1982.2025001148622,58.38778868711289,train,ForgeGuard physics-informed generator,12000.0,2048,0.170666667,0.170583333,train/lubrication/FGOE-06-0042__lubrication.csv,8b2625e5d3d89379516f0e1d296f689fa2788414c3451ea78b458b5fdff68da5
FGOE-06-0043,SIM-RM-01,lubrication,0.8403260200333853,2262.6718352555363,99.67121496489544,train,ForgeGuard physics-informed generator,12000.0,2048,0.170666667,0.170583333,train/lubrication/FGOE-06-0043__lubrication.csv,db4a9e387da7c07735b999d6a63d43e49d1898ca46124ed258d93439e0ed6de9
FGOE-06-0044,SIM-RM-02,lubrication,0.7852670599933997,2328.204430764561,87.1494068045782,train,ForgeGuard physics-informed generator,12000.0,2048,0.170666667,0.170583333,train/lubrication/FGOE-06-0044__lubrication.csv,72cf9c95f941421dd5a43266ae85eabc802d8e766781b533e3609326fee5a523
FGOE-06-0045,SIM-RM-03,lubrication,0.5695165361599901,2112.5900919626406,68.64253416596145,train,ForgeGuard physics-informed generator,12000.0,2048,0.170666667,0.170583333,train/lubrication/FGOE-06-0045__lubrication.csv,fc62337fc696c260fdf72e09f8264ba85517a82a0c4cbc3218f9677f2bb62319
FGOE-06-0046,SIM-RM-04,lubrication,0.4525240952716342,1590.226276149003,80.13734360515033,train,ForgeGuard physics-informed generator,12000.0,2048,0.170666667,0.170583333,train/lubrication/FGOE-06-0046__lubrication.csv,f06f38f63367f31e37b0f4efef443a07335f4e2a9dd81f1181ab1c7ffb9ddc12
FGOE-06-0047,SIM-RM-05,lubrication,0.5369876717575301,1607.8084097023543,76.01729618672383,train,ForgeGuard physics-informed generator,12000.0,2048,0.170666667,0.170583333,train/lubrication/FGOE-06-0047__lubrication.csv,17b30a2e22884acc42a9974b3600cac79631c61156a79028e9e5b98e12f3b00b
FGOE-06-0048,SIM-RM-06,lubrication,0.8523989435060632,1568.8566087946322,92.12392117269818,train,ForgeGuard physics-informed generator,12000.0,2048,0.170666667,0.170583333,train/lubrication/FGOE-06-0048__lubrication.csv,a7fe4e74b5e6378681816ec96ca43de17cbeb50fb84570a55e3adc4eb4ad4eef
FGOE-06-0049,SIM-RM-07,lubrication,0.4852909779705616,1517.699519677781,35.52549229599999,train,ForgeGuard physics-informed generator,12000.0,2048,0.170666667,0.170583333,train/lubrication/FGOE-06-0049__lubrication.csv,1d8a2ddab2c2180a94afe2bea3cfab68966972492dcd0fa9a97c0c111f5d6529
FGOE-06-0050,SIM-RM-08,lubrication,0.34683034908123445,2147.5108356807523,93.7421706364027,train,ForgeGuard physics-informed generator,12000.0,2048,0.170666667,0.170583333,train/lubrication/FGOE-06-0050__lubrication.csv,eb4a9ad529001c480096588d46748794bc90a01d653d8d9520146ae38687d200
FGOE-06-0051,SIM-RM-09,lubrication,0.5230438131095705,2124.335901183051,43.09929171166006,validation,ForgeGuard physics-informed generator,12000.0,2048,0.170666667,0.170583333,validation/lubrication/FGOE-06-0051__lubrication.csv,4daff0700a09a0271a4ef6c32c76e3f19ddaf9879005ec7edc77830beb4ad5f7
FGOE-06-0052,SIM-RM-10,lubrication,0.3577745078043385,2348.609515011916,48.481357626163685,validation,ForgeGuard physics-informed generator,12000.0,2048,0.170666667,0.170583333,validation/lubrication/FGOE-06-0052__lubrication.csv,d5be766255a02332717c68c17967b56640dcf07c824c235c8a2609b2841869ee
FGOE-06-0053,SIM-RM-11,lubrication,0.9030305476892773,1772.8003325467935,78.3767968178903,test,ForgeGuard physics-informed generator,12000.0,2048,0.170666667,0.170583333,test/lubrication/FGOE-06-0053__lubrication.csv,4c3296cdfe8218fcbd1dc4e40d428dcee6856f6206cd8ebb56dc9e67e61a4037
FGOE-06-0054,SIM-RM-12,lubrication,0.34659826214353373,2330.8211455330343,39.87484456139762,test,ForgeGuard physics-informed generator,12000.0,2048,0.170666667,0.170583333,test/lubrication/FGOE-06-0054__lubrication.csv,2cb355701846c9f3a91a104a7279251198d51393940516271d58d5e84a2f39f0
FGOE-06-0055,SIM-RM-13,lubrication,0.8693943416544524,2140.737973895994,53.94425065896023,test,ForgeGuard physics-informed generator,12000.0,2048,0.170666667,0.170583333,test/lubrication/FGOE-06-0055__lubrication.csv,1a1435332cf6801d0fa5f1175b438fa74d11a94255d7f80f453b4201617972a9
FGOE-07-0000,SIM-RM-00,looseness,0.8327704994468049,2013.4532572290868,42.8291361666474,train,ForgeGuard physics-informed generator,12000.0,2048,0.170666667,0.170583333,train/looseness/FGOE-07-0000__looseness.csv,188d12978387df02e2f7c8fc05e68c592833fd4d441c4df7b124f8e2d2b4428a
FGOE-07-0001,SIM-RM-01,looseness,0.636529449991531,1526.3563800080758,64.64467762757576,train,ForgeGuard physics-informed generator,12000.0,2048,0.170666667,0.170583333,train/looseness/FGOE-07-0001__looseness.csv,3e67c709b6f1ca2ff1b2808bba202af1445d1cbeec71013035ea335979d2fadc
FGOE-07-0002,SIM-RM-02,looseness,0.7068807144084785,1850.7661490802784,83.03140409306053,train,ForgeGuard physics-informed generator,12000.0,2048,0.170666667,0.170583333,train/looseness/FGOE-07-0002__looseness.csv,ece18626f98d625b9890da76e3e6d4fdf1424f53abbfc3e550e64aa7f08c63bf
FGOE-07-0003,SIM-RM-03,looseness,0.6115215818449486,2342.0420055280547,104.95953364569314,train,ForgeGuard physics-informed generator,12000.0,2048,0.170666667,0.170583333,train/looseness/FGOE-07-0003__looseness.csv,f6d4dc51fd0aabee57f8e135087d63050a46a139abc644832bcc76c4c4ed166f
FGOE-07-0004,SIM-RM-04,looseness,0.9336648547516124,1445.199086960864,85.94903092781028,train,ForgeGuard physics-informed generator,12000.0,2048,0.170666667,0.170583333,train/looseness/FGOE-07-0004__looseness.csv,d928dc676628a11c4717b2d79848fe518aca81f157b9ecaa8398ec28d44851c1
FGOE-07-0005,SIM-RM-05,looseness,0.5473438473708192,1668.3263876290202,67.28462200863017,train,ForgeGuard physics-informed generator,12000.0,2048,0.170666667,0.170583333,train/looseness/FGOE-07-0005__looseness.csv,2060b338b6bc686183a0fdf4fd801c563cbc0afc24de26d8b00c0f9d2586a78b
FGOE-07-0006,SIM-RM-06,looseness,0.49733638654792744,1401.4191545569292,82.05851018564114,train,ForgeGuard physics-informed generator,12000.0,2048,0.170666667,0.170583333,train/looseness/FGOE-07-0006__looseness.csv,916dad0b6549aa7f453dc47cc500657afc3e7973dbc6b5592d7e8c913dfc3055
FGOE-07-0007,SIM-RM-07,looseness,0.8248615506184918,2137.463874631502,93.24840526973902,train,ForgeGuard physics-informed generator,12000.0,2048,0.170666667,0.170583333,train/looseness/FGOE-07-0007__looseness.csv,1ad1f83886341a688aaa6bf0aedf78d0d172ae5f58f69d31a07146360e24180b
FGOE-07-0008,SIM-RM-08,looseness,0.7741745457669383,1766.6659980398802,57.50819775686297,train,ForgeGuard physics-informed generator,12000.0,2048,0.170666667,0.170583333,train/looseness/FGOE-07-0008__looseness.csv,e96ab1cf6d6cb448b6453532c69e6a6564dc21df0f4746d12a9cca59685f79a6
FGOE-07-0009,SIM-RM-09,looseness,0.8751217136754121,2151.389433842723,69.38802124739563,validation,ForgeGuard physics-informed generator,12000.0,2048,0.170666667,0.170583333,validation/looseness/FGOE-07-0009__looseness.csv,d482b15b44b3cfaae9d9aefdea668973b30989020e7172f59a46a67fbed64b40
FGOE-07-0010,SIM-RM-10,looseness,0.31726666308031687,1493.9086960785583,96.53481457612722,validation,ForgeGuard physics-informed generator,12000.0,2048,0.170666667,0.170583333,validation/looseness/FGOE-07-0010__looseness.csv,e70f58978740a3ea0c78ef82e081830c59ac77eb949570ce72b42f21fdb41592
FGOE-07-0011,SIM-RM-11,looseness,0.2972629361311905,1503.525522054614,72.36880092917723,test,ForgeGuard physics-informed generator,12000.0,2048,0.170666667,0.170583333,test/looseness/FGOE-07-0011__looseness.csv,d0058aea85403ed53c0fcd3c101db604973b124b60376594bab6ca88b842313a
FGOE-07-0012,SIM-RM-12,looseness,0.5554216617859842,1402.8071014001102,35.036312091599385,test,ForgeGuard physics-informed generator,12000.0,2048,0.170666667,0.170583333,test/looseness/FGOE-07-0012__looseness.csv,126a679d126f8213b31a9d22807f9809f7cae07d26ebf36e7768413c6145bf27
FGOE-07-0013,SIM-RM-13,looseness,0.7065803245260988,2124.6238812922297,37.4386845195941,test,ForgeGuard physics-informed generator,12000.0,2048,0.170666667,0.170583333,test/looseness/FGOE-07-0013__looseness.csv,f350c7342b6810d19d3c94cff23a781711245732f1393e427b20dc586ce78ba3
FGOE-07-0014,SIM-RM-00,looseness,0.35280461437498295,2173.1273174161865,46.76005940045098,train,ForgeGuard physics-informed generator,12000.0,2048,0.170666667,0.170583333,train/looseness/FGOE-07-0014__looseness.csv,dad259f6300e90917b6c16aa7107a0f47a9e7b5176e712d113a26decbb8ca456
FGOE-07-0015,SIM-RM-01,looseness,0.6272592363849308,2210.800973620536,92.61872269650664,train,ForgeGuard physics-informed generator,12000.0,2048,0.170666667,0.170583333,train/looseness/FGOE-07-0015__looseness.csv,59bd817dcb01458b39a64959e79e7a5ad5e33c3966fa638e9485054651c8d9a2
FGOE-07-0016,SIM-RM-02,looseness,0.526137062557128,2169.1998792939803,41.49292541971463,train,ForgeGuard physics-informed generator,12000.0,2048,0.170666667,0.170583333,train/looseness/FGOE-07-0016__looseness.csv,e17f26bb14bdda2cb0724f1937340083a224e04ef5f6ae65ae0a456a8003a0ee
FGOE-07-0017,SIM-RM-03,looseness,0.7766302401034869,2087.797556106373,53.021637152677435,train,ForgeGuard physics-informed generator,12000.0,2048,0.170666667,0.170583333,train/looseness/FGOE-07-0017__looseness.csv,6267c3b3adfa343f57d13eabcebbba779a8604be161e53e24b4122e60ad54ef7
FGOE-07-0018,SIM-RM-04,looseness,0.5752757465001307,1854.178604390814,87.51861915637632,train,ForgeGuard physics-informed generator,12000.0,2048,0.170666667,0.170583333,train/looseness/FGOE-07-0018__looseness.csv,dbaf4da2e1059fa874c8d3fe7fdf063e2e317de7336bf45dceae3dfeffaa45e1
FGOE-07-0019,SIM-RM-05,looseness,0.3958655390045105,1717.9043402218176,50.34324515350426,train,ForgeGuard physics-informed generator,12000.0,2048,0.170666667,0.170583333,train/looseness/FGOE-07-0019__looseness.csv,30e793e3380cbaf49f4d0e092e8b2fcfa75ad7d924b3357b139d0dd84b6d3a43
FGOE-07-0020,SIM-RM-06,looseness,0.3101876450776616,2101.4908105713957,43.323724362377234,train,ForgeGuard physics-informed generator,12000.0,2048,0.170666667,0.170583333,train/looseness/FGOE-07-0020__looseness.csv,fe08bae5bc818032505234d87523af4495619a0ad242da91c9c5f1ecc6d936ee
FGOE-07-0021,SIM-RM-07,looseness,0.8261753359648298,1526.29136502213,47.27425580177453,train,ForgeGuard physics-informed generator,12000.0,2048,0.170666667,0.170583333,train/looseness/FGOE-07-0021__looseness.csv,c9c5b725a1915f3271225a6f1a1afa85a1f3d7e778b32c9786eeb041050e958c
FGOE-07-0022,SIM-RM-08,looseness,0.34604788045342866,1748.5066234742123,104.32719201523376,train,ForgeGuard physics-informed generator,12000.0,2048,0.170666667,0.170583333,train/looseness/FGOE-07-0022__looseness.csv,3ccb05f77bf6a30b77b1c2c0fa4745a1ec76966e7380e54fb13656997a49a870
FGOE-07-0023,SIM-RM-09,looseness,0.5250427236879518,2003.5398256936433,66.41106550408755,validation,ForgeGuard physics-informed generator,12000.0,2048,0.170666667,0.170583333,validation/looseness/FGOE-07-0023__looseness.csv,a1fb318e3f27ff21306446190dd33f29547c742840422029277273c584761083
FGOE-07-0024,SIM-RM-10,looseness,0.861001271141925,2225.084199054082,103.29169520798797,validation,ForgeGuard physics-informed generator,12000.0,2048,0.170666667,0.170583333,validation/looseness/FGOE-07-0024__looseness.csv,87755a7eafeda36620c691365d6e9aa8a38855be0ff1f931aa7e4e13d38122fc
FGOE-07-0025,SIM-RM-11,looseness,0.7092517153665443,1542.300679035133,50.455854484625384,test,ForgeGuard physics-informed generator,12000.0,2048,0.170666667,0.170583333,test/looseness/FGOE-07-0025__looseness.csv,9c6663ac596f2927f7286780ed009e90a2f82ca4f019026d1cff8890b9a322f1
FGOE-07-0026,SIM-RM-12,looseness,0.6464944555667512,1639.0835816381916,86.43075915464058,test,ForgeGuard physics-informed generator,12000.0,2048,0.170666667,0.170583333,test/looseness/FGOE-07-0026__looseness.csv,2aeea11a03c65d0da00f4ff21ea7f3c013450951e857866651d3090bc63c6539
FGOE-07-0027,SIM-RM-13,looseness,0.7473729402198744,1900.908768490403,92.998284738715,test,ForgeGuard physics-informed generator,12000.0,2048,0.170666667,0.170583333,test/looseness/FGOE-07-0027__looseness.csv,82beb6d54a2e5e42227b3382c19c43dc76b69acf3e222a70c71cb903d074e605
FGOE-07-0028,SIM-RM-00,looseness,0.671090916719211,1376.5777649972918,38.4621396002211,train,ForgeGuard physics-informed generator,12000.0,2048,0.170666667,0.170583333,train/looseness/FGOE-07-0028__looseness.csv,d9634eb99557f7c4839c0abdcea85ffa340dffb196f8ea28bf793524cd6d39f4
FGOE-07-0029,SIM-RM-01,looseness,0.5430592611203611,1836.1920756222755,53.2129258740094,train,ForgeGuard physics-informed generator,12000.0,2048,0.170666667,0.170583333,train/looseness/FGOE-07-0029__looseness.csv,c96b923d563518fe674e97214438436d2a89f9e12f220514d0d49b063bfd349c
FGOE-07-0030,SIM-RM-02,looseness,0.6428561475230309,2107.9103187328606,92.86280392605511,train,ForgeGuard physics-informed generator,12000.0,2048,0.170666667,0.170583333,train/looseness/FGOE-07-0030__looseness.csv,6af1c964139115ddd13742bf75715428117cc2baf317486aab3acfeb1d82f22d
FGOE-07-0031,SIM-RM-03,looseness,0.6153429295384774,1735.369480857103,53.94877330465749,train,ForgeGuard physics-informed generator,12000.0,2048,0.170666667,0.170583333,train/looseness/FGOE-07-0031__looseness.csv,e3666e72f4eff9a32975b220d111675e2c8916977916ef0da610624975b9a03c
FGOE-07-0032,SIM-RM-04,looseness,0.7236566677567463,1664.7496185643809,74.4866595933056,train,ForgeGuard physics-informed generator,12000.0,2048,0.170666667,0.170583333,train/looseness/FGOE-07-0032__looseness.csv,cc68b37ce189a1ce5eb6d98b6b081839732a8d12c61ba3ea0d9b3c0690dfef2d
FGOE-07-0033,SIM-RM-05,looseness,0.39859399718852007,1416.0792109193949,35.07472255159231,train,ForgeGuard physics-informed generator,12000.0,2048,0.170666667,0.170583333,train/looseness/FGOE-07-0033__looseness.csv,215881368b5cb90b73dfb00892235f63e5690e48c3f9c7e5079a668d2c3df404
FGOE-07-0034,SIM-RM-06,looseness,0.370372246355916,2244.511497718781,80.24035342599913,train,ForgeGuard physics-informed generator,12000.0,2048,0.170666667,0.170583333,train/looseness/FGOE-07-0034__looseness.csv,8cb569044061fca0be2e92da974925bf329d5a1be55f2791dd27aa5746285e23
FGOE-07-0035,SIM-RM-07,looseness,0.5832642296750624,2240.263961823619,67.8969158201138,train,ForgeGuard physics-informed generator,12000.0,2048,0.170666667,0.170583333,train/looseness/FGOE-07-0035__looseness.csv,5c5ecdb602b8263458fba423383409443a372c2e4e42f575c84d595d380419a6
FGOE-07-0036,SIM-RM-08,looseness,0.40062479224010294,2285.541943842655,39.1640684528338,train,ForgeGuard physics-informed generator,12000.0,2048,0.170666667,0.170583333,train/looseness/FGOE-07-0036__looseness.csv,2cfe6c2523f83da8752c1a96ff3c698a75bed949f77d6853d4c827c8b814a748
FGOE-07-0037,SIM-RM-09,looseness,0.7256689064462705,1935.7713251547225,48.684055670740285,validation,ForgeGuard physics-informed generator,12000.0,2048,0.170666667,0.170583333,validation/looseness/FGOE-07-0037__looseness.csv,6dc664067105434e5ba38f31889f69cfb0658d0adc989d5f7140b2bc4830bee9
FGOE-07-0038,SIM-RM-10,looseness,0.39488961174858783,1564.0922893367201,41.940987941917,validation,ForgeGuard physics-informed generator,12000.0,2048,0.170666667,0.170583333,validation/looseness/FGOE-07-0038__looseness.csv,e19958fede8480321eb17993d73da180c8b8b85848a7b78cee15b461367ee632
FGOE-07-0039,SIM-RM-11,looseness,0.3442844174463431,1772.7340342720622,47.329680942115594,test,ForgeGuard physics-informed generator,12000.0,2048,0.170666667,0.170583333,test/looseness/FGOE-07-0039__looseness.csv,130cd2e19bc938398f3adcab9c42e65b88bdddf0069907c1dc9478846f2d3402
FGOE-07-0040,SIM-RM-12,looseness,0.5025310805627775,2210.2818862189406,57.42780425181155,test,ForgeGuard physics-informed generator,12000.0,2048,0.170666667,0.170583333,test/looseness/FGOE-07-0040__looseness.csv,0fb7cc94ffd9c627ab6b020ff5316f0edf96887c28816f686f7e2a23a9fcb2b5
FGOE-07-0041,SIM-RM-13,looseness,0.43536502412510575,1405.2704095012277,60.01587364514379,test,ForgeGuard physics-informed generator,12000.0,2048,0.170666667,0.170583333,test/looseness/FGOE-07-0041__looseness.csv,211e7d7442d8a4cf3a074da86c5e79b8db42d758d741e44b03d317a3daa2502e
FGOE-07-0042,SIM-RM-00,looseness,0.8718558171439883,1960.4850673417886,49.37732083706847,train,ForgeGuard physics-informed generator,12000.0,2048,0.170666667,0.170583333,train/looseness/FGOE-07-0042__looseness.csv,48d2229be23a0a711ef4db2ed0f34c50a6e3695f217ef74122915fb26e299c10
FGOE-07-0043,SIM-RM-01,looseness,0.32518206940200406,2279.666620919555,41.98817400237532,train,ForgeGuard physics-informed generator,12000.0,2048,0.170666667,0.170583333,train/looseness/FGOE-07-0043__looseness.csv,ce3bf8ce37f0955cbfb0f4e3d92dba52245e1164f295ad6d097505cf2e56a677
FGOE-07-0044,SIM-RM-02,looseness,0.335378274946736,1465.326438110988,78.36984794172184,train,ForgeGuard physics-informed generator,12000.0,2048,0.170666667,0.170583333,train/looseness/FGOE-07-0044__looseness.csv,8559608a087aa1e7ea5c93a9b477dd546d30e825ddd3fb1a8f02d7d1b8391752
FGOE-07-0045,SIM-RM-03,looseness,0.8238662007666168,2202.3823179302663,87.79900604565248,train,ForgeGuard physics-informed generator,12000.0,2048,0.170666667,0.170583333,train/looseness/FGOE-07-0045__looseness.csv,c62a439c5fd7ed447ad95a564b54f2342396b97e582ad8a99237f942619d2624
FGOE-07-0046,SIM-RM-04,looseness,0.28092257206091287,1876.0605268860209,104.76740480634074,train,ForgeGuard physics-informed generator,12000.0,2048,0.170666667,0.170583333,train/looseness/FGOE-07-0046__looseness.csv,bb18b4b9149ebb1feba45a7fc96955f881f52434f4e75f066d6d109ef3071bad
FGOE-07-0047,SIM-RM-05,looseness,0.9140518490988487,1751.2649641861133,57.67556682563453,train,ForgeGuard physics-informed generator,12000.0,2048,0.170666667,0.170583333,train/looseness/FGOE-07-0047__looseness.csv,8557dcb6324bd2293619c8297c9b41c8aafe42d93e8be6f379bc6c1997cf1175
FGOE-07-0048,SIM-RM-06,looseness,0.3692388355609632,1926.860958497593,91.43336758113077,train,ForgeGuard physics-informed generator,12000.0,2048,0.170666667,0.170583333,train/looseness/FGOE-07-0048__looseness.csv,59c51b13299e13621aac9647a8dead8c5621644aac534589979a53a1c8a05859
FGOE-07-0049,SIM-RM-07,looseness,0.595570453389452,2328.634143900439,69.90476828134206,train,ForgeGuard physics-informed generator,12000.0,2048,0.170666667,0.170583333,train/looseness/FGOE-07-0049__looseness.csv,6d93b2e31472e6a362c0bba029ca9fa74f5a78b291fd5b997c4dcb7d83531f26
FGOE-07-0050,SIM-RM-08,looseness,0.528267517188495,2320.8847285457377,61.651265285200154,train,ForgeGuard physics-informed generator,12000.0,2048,0.170666667,0.170583333,train/looseness/FGOE-07-0050__looseness.csv,ea37d6f37402ab9a7ac6d45e306e8353dd11a7428e6b1092e09aa2fddc8f296c
FGOE-07-0051,SIM-RM-09,looseness,0.47475993848829845,1934.7527028049367,43.963682738345085,validation,ForgeGuard physics-informed generator,12000.0,2048,0.170666667,0.170583333,validation/looseness/FGOE-07-0051__looseness.csv,8c016e11c37bba9f16255a2edebd24b494cebb54bb87777b6f9b8ab13aa045d0
FGOE-07-0052,SIM-RM-10,looseness,0.856301224431714,1543.2083224451305,42.22984353749347,validation,ForgeGuard physics-informed generator,12000.0,2048,0.170666667,0.170583333,validation/looseness/FGOE-07-0052__looseness.csv,74ee4ab7e06a652ea6c6c6697d5f31dc5c64df4717829132043b318095db259f
FGOE-07-0053,SIM-RM-11,looseness,0.5360685641566989,1939.331166127476,60.10709540695379,test,ForgeGuard physics-informed generator,12000.0,2048,0.170666667,0.170583333,test/looseness/FGOE-07-0053__looseness.csv,787fd0502c8c99b5b74979f874b657f907c8a3e299f755f9fde58e5106f59e3d
FGOE-07-0054,SIM-RM-12,looseness,0.8987385740422953,1781.5190036873546,79.32044275012966,test,ForgeGuard physics-informed generator,12000.0,2048,0.170666667,0.170583333,test/looseness/FGOE-07-0054__looseness.csv,fce01c1864b19e391d75d7b8380f782b96d46a0bb83cc8a72da3474e161ba632
FGOE-07-0055,SIM-RM-13,looseness,0.48048372171843867,2282.7796196569825,62.40443856714644,test,ForgeGuard physics-informed generator,12000.0,2048,0.170666667,0.170583333,test/looseness/FGOE-07-0055__looseness.csv,9ddb05531ba7ef19bbf69193f6a745e11f85ce878323d560d298fa1bc669601f
